ISO-10303-21;
HEADER;
/* Generated by software containing ST-Developer
 * from STEP Tools, Inc. (www.steptools.com) 
 */
/* OPTION: using custom schema-name function */

FILE_DESCRIPTION(
/* description */ (''),
/* implementation_level */ '2;1');

FILE_NAME(
/* name */ 'balloon_holder_v3',
/* time_stamp */ '2026-09-15T15:20:00+03:00',
/* author */ (''),
/* organization */ (''),
/* preprocessor_version */ 'ST-DEVELOPER v16.5',
/* originating_system */ 'Rhino 7.23',
/* authorisation */ '');

FILE_SCHEMA (('CONFIG_CONTROL_DESIGN'));
ENDSEC;

DATA;
#10=SHAPE_REPRESENTATION_RELATIONSHIP('','',#1163,#12);
#11=MANIFOLD_SOLID_BREP('brep_1',#13);
#12=ADVANCED_BREP_SHAPE_REPRESENTATION('brep_rep_0',(#11,#1212),#1162);
#13=CLOSED_SHELL('',(#26,#27,#28,#29,#30,#31,#32,#33,#34,#35,#36,#37,#38,
#39,#40,#41,#42,#43,#44,#45,#46,#47,#48,#49,#50,#51,#52,#53,#54,#55,#56,
#57,#58,#59,#60,#61,#62,#63,#64,#65,#66,#67,#68,#69,#70,#71,#72,#73,#74,
#75,#76,#77,#78,#79,#80,#81,#82,#83,#84,#85,#86));
#14=FACE_BOUND('',#188,.T.);
#15=FACE_BOUND('',#191,.T.);
#16=FACE_BOUND('',#192,.T.);
#17=FACE_BOUND('',#193,.T.);
#18=FACE_BOUND('',#194,.T.);
#19=FACE_BOUND('',#195,.T.);
#20=FACE_BOUND('',#201,.T.);
#21=FACE_BOUND('',#206,.T.);
#22=FACE_BOUND('',#208,.T.);
#23=FACE_BOUND('',#211,.T.);
#24=FACE_BOUND('',#214,.T.);
#25=FACE_BOUND('',#216,.T.);
#26=ADVANCED_FACE('',(#87),#1047,.T.);
#27=ADVANCED_FACE('',(#88),#1048,.T.);
#28=ADVANCED_FACE('',(#89),#1049,.T.);
#29=ADVANCED_FACE('',(#90),#1050,.T.);
#30=ADVANCED_FACE('',(#91),#1051,.T.);
#31=ADVANCED_FACE('',(#92),#1052,.T.);
#32=ADVANCED_FACE('',(#93),#1053,.T.);
#33=ADVANCED_FACE('',(#94),#1037,.T.);
#34=ADVANCED_FACE('',(#95),#1054,.T.);
#35=ADVANCED_FACE('',(#96),#1038,.T.);
#36=ADVANCED_FACE('',(#97),#1055,.T.);
#37=ADVANCED_FACE('',(#98),#1039,.T.);
#38=ADVANCED_FACE('',(#99),#1056,.T.);
#39=ADVANCED_FACE('',(#100),#1040,.T.);
#40=ADVANCED_FACE('',(#101),#1057,.T.);
#41=ADVANCED_FACE('',(#102),#1041,.T.);
#42=ADVANCED_FACE('',(#103),#1059,.T.);
#43=ADVANCED_FACE('',(#104),#1042,.T.);
#44=ADVANCED_FACE('',(#105),#1060,.T.);
#45=ADVANCED_FACE('',(#106),#1043,.T.);
#46=ADVANCED_FACE('',(#107),#1061,.T.);
#47=ADVANCED_FACE('',(#108),#1044,.T.);
#48=ADVANCED_FACE('',(#109),#1062,.T.);
#49=ADVANCED_FACE('',(#110),#1045,.T.);
#50=ADVANCED_FACE('',(#111),#1031,.F.);
#51=ADVANCED_FACE('',(#112),#1034,.T.);
#52=ADVANCED_FACE('',(#113),#1017,.F.);
#53=ADVANCED_FACE('',(#114),#1058,.T.);
#54=ADVANCED_FACE('',(#115),#1018,.F.);
#55=ADVANCED_FACE('',(#116),#1019,.F.);
#56=ADVANCED_FACE('',(#117),#1020,.F.);
#57=ADVANCED_FACE('',(#118),#1032,.F.);
#58=ADVANCED_FACE('',(#119),#1046,.T.);
#59=ADVANCED_FACE('',(#120),#1033,.F.);
#60=ADVANCED_FACE('',(#121),#1021,.F.);
#61=ADVANCED_FACE('',(#122),#1035,.T.);
#62=ADVANCED_FACE('',(#123),#1036,.T.);
#63=ADVANCED_FACE('',(#124),#1022,.F.);
#64=ADVANCED_FACE('',(#125),#1066,.T.);
#65=ADVANCED_FACE('',(#126,#14),#1067,.T.);
#66=ADVANCED_FACE('',(#127),#1068,.T.);
#67=ADVANCED_FACE('',(#128,#15,#16,#17,#18,#19),#1065,.T.);
#68=ADVANCED_FACE('',(#129),#1069,.T.);
#69=ADVANCED_FACE('',(#130),#1023,.T.);
#70=ADVANCED_FACE('',(#131),#1076,.T.);
#71=ADVANCED_FACE('',(#132),#1024,.T.);
#72=ADVANCED_FACE('',(#133,#20),#1070,.T.);
#73=ADVANCED_FACE('',(#134),#1025,.T.);
#74=ADVANCED_FACE('',(#135),#1064,.T.);
#75=ADVANCED_FACE('',(#136),#1026,.T.);
#76=ADVANCED_FACE('',(#137,#21),#1072,.T.);
#77=ADVANCED_FACE('',(#138,#22),#1073,.T.);
#78=ADVANCED_FACE('',(#139),#1063,.T.);
#79=ADVANCED_FACE('',(#140,#23),#1074,.T.);
#80=ADVANCED_FACE('',(#141),#1064,.T.);
#81=ADVANCED_FACE('',(#142,#24),#1075,.T.);
#82=ADVANCED_FACE('',(#143,#25),#1071,.T.);
#83=ADVANCED_FACE('',(#144),#1027,.F.);
#84=ADVANCED_FACE('',(#145),#1028,.F.);
#85=ADVANCED_FACE('',(#146),#1029,.F.);
#86=ADVANCED_FACE('',(#147),#1030,.F.);
#87=FACE_OUTER_BOUND('',#148,.T.);
#88=FACE_OUTER_BOUND('',#149,.T.);
#89=FACE_OUTER_BOUND('',#150,.T.);
#90=FACE_OUTER_BOUND('',#151,.T.);
#91=FACE_OUTER_BOUND('',#152,.T.);
#92=FACE_OUTER_BOUND('',#153,.T.);
#93=FACE_OUTER_BOUND('',#154,.T.);
#94=FACE_OUTER_BOUND('',#155,.T.);
#95=FACE_OUTER_BOUND('',#156,.T.);
#96=FACE_OUTER_BOUND('',#157,.T.);
#97=FACE_OUTER_BOUND('',#158,.T.);
#98=FACE_OUTER_BOUND('',#159,.T.);
#99=FACE_OUTER_BOUND('',#160,.T.);
#100=FACE_OUTER_BOUND('',#161,.T.);
#101=FACE_OUTER_BOUND('',#162,.T.);
#102=FACE_OUTER_BOUND('',#163,.T.);
#103=FACE_OUTER_BOUND('',#164,.T.);
#104=FACE_OUTER_BOUND('',#165,.T.);
#105=FACE_OUTER_BOUND('',#166,.T.);
#106=FACE_OUTER_BOUND('',#167,.T.);
#107=FACE_OUTER_BOUND('',#168,.T.);
#108=FACE_OUTER_BOUND('',#169,.T.);
#109=FACE_OUTER_BOUND('',#170,.T.);
#110=FACE_OUTER_BOUND('',#171,.T.);
#111=FACE_OUTER_BOUND('',#172,.T.);
#112=FACE_OUTER_BOUND('',#173,.T.);
#113=FACE_OUTER_BOUND('',#174,.T.);
#114=FACE_OUTER_BOUND('',#175,.T.);
#115=FACE_OUTER_BOUND('',#176,.T.);
#116=FACE_OUTER_BOUND('',#177,.T.);
#117=FACE_OUTER_BOUND('',#178,.T.);
#118=FACE_OUTER_BOUND('',#179,.T.);
#119=FACE_OUTER_BOUND('',#180,.T.);
#120=FACE_OUTER_BOUND('',#181,.T.);
#121=FACE_OUTER_BOUND('',#182,.T.);
#122=FACE_OUTER_BOUND('',#183,.T.);
#123=FACE_OUTER_BOUND('',#184,.T.);
#124=FACE_OUTER_BOUND('',#185,.T.);
#125=FACE_OUTER_BOUND('',#186,.T.);
#126=FACE_OUTER_BOUND('',#187,.T.);
#127=FACE_OUTER_BOUND('',#189,.T.);
#128=FACE_OUTER_BOUND('',#190,.T.);
#129=FACE_OUTER_BOUND('',#196,.T.);
#130=FACE_OUTER_BOUND('',#197,.T.);
#131=FACE_OUTER_BOUND('',#198,.T.);
#132=FACE_OUTER_BOUND('',#199,.T.);
#133=FACE_OUTER_BOUND('',#200,.T.);
#134=FACE_OUTER_BOUND('',#202,.T.);
#135=FACE_OUTER_BOUND('',#203,.T.);
#136=FACE_OUTER_BOUND('',#204,.T.);
#137=FACE_OUTER_BOUND('',#205,.T.);
#138=FACE_OUTER_BOUND('',#207,.T.);
#139=FACE_OUTER_BOUND('',#209,.T.);
#140=FACE_OUTER_BOUND('',#210,.T.);
#141=FACE_OUTER_BOUND('',#212,.T.);
#142=FACE_OUTER_BOUND('',#213,.T.);
#143=FACE_OUTER_BOUND('',#215,.T.);
#144=FACE_OUTER_BOUND('',#217,.T.);
#145=FACE_OUTER_BOUND('',#218,.T.);
#146=FACE_OUTER_BOUND('',#219,.T.);
#147=FACE_OUTER_BOUND('',#220,.T.);
#148=EDGE_LOOP('',(#221,#222,#223,#224));
#149=EDGE_LOOP('',(#225,#226,#227,#228));
#150=EDGE_LOOP('',(#229,#230,#231,#232));
#151=EDGE_LOOP('',(#233,#234,#235,#236));
#152=EDGE_LOOP('',(#237,#238,#239,#240));
#153=EDGE_LOOP('',(#241,#242,#243,#244));
#154=EDGE_LOOP('',(#245,#246,#247,#248));
#155=EDGE_LOOP('',(#249,#250,#251,#252));
#156=EDGE_LOOP('',(#253,#254,#255,#256));
#157=EDGE_LOOP('',(#257,#258,#259,#260));
#158=EDGE_LOOP('',(#261,#262,#263,#264,#265,#266));
#159=EDGE_LOOP('',(#267,#268,#269,#270));
#160=EDGE_LOOP('',(#271,#272,#273,#274));
#161=EDGE_LOOP('',(#275,#276,#277,#278));
#162=EDGE_LOOP('',(#279,#280,#281,#282));
#163=EDGE_LOOP('',(#283,#284,#285,#286));
#164=EDGE_LOOP('',(#287,#288,#289,#290));
#165=EDGE_LOOP('',(#291,#292,#293,#294));
#166=EDGE_LOOP('',(#295,#296,#297,#298,#299,#300));
#167=EDGE_LOOP('',(#301,#302,#303,#304));
#168=EDGE_LOOP('',(#305,#306,#307,#308));
#169=EDGE_LOOP('',(#309,#310,#311,#312));
#170=EDGE_LOOP('',(#313,#314,#315,#316));
#171=EDGE_LOOP('',(#317,#318,#319,#320));
#172=EDGE_LOOP('',(#321,#322,#323,#324));
#173=EDGE_LOOP('',(#325,#326,#327,#328));
#174=EDGE_LOOP('',(#329,#330,#331,#332));
#175=EDGE_LOOP('',(#333,#334,#335,#336));
#176=EDGE_LOOP('',(#337,#338,#339,#340));
#177=EDGE_LOOP('',(#341,#342,#343,#344));
#178=EDGE_LOOP('',(#345,#346,#347,#348));
#179=EDGE_LOOP('',(#349,#350,#351,#352));
#180=EDGE_LOOP('',(#353,#354,#355,#356));
#181=EDGE_LOOP('',(#357,#358,#359,#360));
#182=EDGE_LOOP('',(#361,#362,#363,#364));
#183=EDGE_LOOP('',(#365,#366,#367,#368));
#184=EDGE_LOOP('',(#369,#370,#371,#372));
#185=EDGE_LOOP('',(#373,#374,#375,#376));
#186=EDGE_LOOP('',(#377,#378,#379,#380,#381,#382));
#187=EDGE_LOOP('',(#383,#384,#385,#386,#387,#388));
#188=EDGE_LOOP('',(#389));
#189=EDGE_LOOP('',(#390,#391,#392,#393,#394,#395));
#190=EDGE_LOOP('',(#396,#397,#398,#399,#400,#401,#402,#403,#404,#405,#406,
#407,#408,#409,#410,#411,#412,#413,#414,#415,#416,#417,#418,#419));
#191=EDGE_LOOP('',(#420,#421,#422,#423,#424,#425,#426));
#192=EDGE_LOOP('',(#427));
#193=EDGE_LOOP('',(#428));
#194=EDGE_LOOP('',(#429));
#195=EDGE_LOOP('',(#430));
#196=EDGE_LOOP('',(#431,#432,#433,#434,#435,#436,#437,#438));
#197=EDGE_LOOP('',(#439,#440,#441,#442));
#198=EDGE_LOOP('',(#443,#444,#445,#446));
#199=EDGE_LOOP('',(#447,#448,#449,#450));
#200=EDGE_LOOP('',(#451,#452,#453,#454,#455,#456,#457,#458));
#201=EDGE_LOOP('',(#459));
#202=EDGE_LOOP('',(#460,#461,#462,#463));
#203=EDGE_LOOP('',(#464,#465,#466,#467));
#204=EDGE_LOOP('',(#468,#469,#470,#471));
#205=EDGE_LOOP('',(#472,#473,#474,#475,#476,#477,#478,#479,#480,#481));
#206=EDGE_LOOP('',(#482));
#207=EDGE_LOOP('',(#483,#484,#485,#486,#487,#488,#489,#490,#491,#492));
#208=EDGE_LOOP('',(#493));
#209=EDGE_LOOP('',(#494,#495,#496,#497));
#210=EDGE_LOOP('',(#498,#499,#500,#501,#502,#503,#504,#505,#506,#507));
#211=EDGE_LOOP('',(#508));
#212=EDGE_LOOP('',(#509,#510,#511,#512));
#213=EDGE_LOOP('',(#513,#514,#515,#516,#517,#518,#519,#520,#521,#522));
#214=EDGE_LOOP('',(#523));
#215=EDGE_LOOP('',(#524,#525,#526,#527,#528,#529,#530,#531,#532,#533,#534,
#535,#536,#537,#538,#539));
#216=EDGE_LOOP('',(#540,#541,#542,#543,#544,#545,#546));
#217=EDGE_LOOP('',(#547,#548,#549,#550));
#218=EDGE_LOOP('',(#551,#552,#553,#554));
#219=EDGE_LOOP('',(#555,#556,#557,#558));
#220=EDGE_LOOP('',(#559,#560,#561,#562));
#221=ORIENTED_EDGE('',*,*,#563,.T.);
#222=ORIENTED_EDGE('',*,*,#567,.T.);
#223=ORIENTED_EDGE('',*,*,#566,.F.);
#224=ORIENTED_EDGE('',*,*,#565,.F.);
#225=ORIENTED_EDGE('',*,*,#566,.T.);
#226=ORIENTED_EDGE('',*,*,#570,.T.);
#227=ORIENTED_EDGE('',*,*,#569,.F.);
#228=ORIENTED_EDGE('',*,*,#568,.T.);
#229=ORIENTED_EDGE('',*,*,#569,.T.);
#230=ORIENTED_EDGE('',*,*,#572,.T.);
#231=ORIENTED_EDGE('',*,*,#564,.F.);
#232=ORIENTED_EDGE('',*,*,#571,.F.);
#233=ORIENTED_EDGE('',*,*,#575,.T.);
#234=ORIENTED_EDGE('',*,*,#576,.T.);
#235=ORIENTED_EDGE('',*,*,#577,.F.);
#236=ORIENTED_EDGE('',*,*,#573,.F.);
#237=ORIENTED_EDGE('',*,*,#578,.T.);
#238=ORIENTED_EDGE('',*,*,#579,.T.);
#239=ORIENTED_EDGE('',*,*,#580,.F.);
#240=ORIENTED_EDGE('',*,*,#576,.F.);
#241=ORIENTED_EDGE('',*,*,#581,.T.);
#242=ORIENTED_EDGE('',*,*,#574,.F.);
#243=ORIENTED_EDGE('',*,*,#582,.F.);
#244=ORIENTED_EDGE('',*,*,#579,.F.);
#245=ORIENTED_EDGE('',*,*,#655,.T.);
#246=ORIENTED_EDGE('',*,*,#653,.T.);
#247=ORIENTED_EDGE('',*,*,#583,.T.);
#248=ORIENTED_EDGE('',*,*,#654,.F.);
#249=ORIENTED_EDGE('',*,*,#584,.T.);
#250=ORIENTED_EDGE('',*,*,#585,.T.);
#251=ORIENTED_EDGE('',*,*,#586,.F.);
#252=ORIENTED_EDGE('',*,*,#583,.F.);
#253=ORIENTED_EDGE('',*,*,#587,.T.);
#254=ORIENTED_EDGE('',*,*,#588,.T.);
#255=ORIENTED_EDGE('',*,*,#589,.F.);
#256=ORIENTED_EDGE('',*,*,#585,.F.);
#257=ORIENTED_EDGE('',*,*,#590,.T.);
#258=ORIENTED_EDGE('',*,*,#591,.T.);
#259=ORIENTED_EDGE('',*,*,#592,.F.);
#260=ORIENTED_EDGE('',*,*,#588,.F.);
#261=ORIENTED_EDGE('',*,*,#593,.T.);
#262=ORIENTED_EDGE('',*,*,#594,.T.);
#263=ORIENTED_EDGE('',*,*,#719,.F.);
#264=ORIENTED_EDGE('',*,*,#568,.F.);
#265=ORIENTED_EDGE('',*,*,#712,.F.);
#266=ORIENTED_EDGE('',*,*,#591,.F.);
#267=ORIENTED_EDGE('',*,*,#595,.T.);
#268=ORIENTED_EDGE('',*,*,#596,.T.);
#269=ORIENTED_EDGE('',*,*,#597,.F.);
#270=ORIENTED_EDGE('',*,*,#594,.F.);
#271=ORIENTED_EDGE('',*,*,#598,.T.);
#272=ORIENTED_EDGE('',*,*,#599,.T.);
#273=ORIENTED_EDGE('',*,*,#600,.F.);
#274=ORIENTED_EDGE('',*,*,#596,.F.);
#275=ORIENTED_EDGE('',*,*,#601,.T.);
#276=ORIENTED_EDGE('',*,*,#602,.T.);
#277=ORIENTED_EDGE('',*,*,#603,.F.);
#278=ORIENTED_EDGE('',*,*,#599,.F.);
#279=ORIENTED_EDGE('',*,*,#647,.T.);
#280=ORIENTED_EDGE('',*,*,#605,.F.);
#281=ORIENTED_EDGE('',*,*,#602,.F.);
#282=ORIENTED_EDGE('',*,*,#604,.T.);
#283=ORIENTED_EDGE('',*,*,#607,.T.);
#284=ORIENTED_EDGE('',*,*,#608,.T.);
#285=ORIENTED_EDGE('',*,*,#609,.F.);
#286=ORIENTED_EDGE('',*,*,#606,.F.);
#287=ORIENTED_EDGE('',*,*,#610,.T.);
#288=ORIENTED_EDGE('',*,*,#611,.T.);
#289=ORIENTED_EDGE('',*,*,#612,.F.);
#290=ORIENTED_EDGE('',*,*,#608,.F.);
#291=ORIENTED_EDGE('',*,*,#613,.T.);
#292=ORIENTED_EDGE('',*,*,#614,.T.);
#293=ORIENTED_EDGE('',*,*,#615,.F.);
#294=ORIENTED_EDGE('',*,*,#611,.F.);
#295=ORIENTED_EDGE('',*,*,#616,.T.);
#296=ORIENTED_EDGE('',*,*,#617,.T.);
#297=ORIENTED_EDGE('',*,*,#645,.F.);
#298=ORIENTED_EDGE('',*,*,#578,.F.);
#299=ORIENTED_EDGE('',*,*,#618,.F.);
#300=ORIENTED_EDGE('',*,*,#614,.F.);
#301=ORIENTED_EDGE('',*,*,#619,.T.);
#302=ORIENTED_EDGE('',*,*,#620,.T.);
#303=ORIENTED_EDGE('',*,*,#621,.F.);
#304=ORIENTED_EDGE('',*,*,#617,.F.);
#305=ORIENTED_EDGE('',*,*,#622,.T.);
#306=ORIENTED_EDGE('',*,*,#623,.T.);
#307=ORIENTED_EDGE('',*,*,#624,.F.);
#308=ORIENTED_EDGE('',*,*,#620,.F.);
#309=ORIENTED_EDGE('',*,*,#625,.T.);
#310=ORIENTED_EDGE('',*,*,#626,.T.);
#311=ORIENTED_EDGE('',*,*,#627,.F.);
#312=ORIENTED_EDGE('',*,*,#623,.F.);
#313=ORIENTED_EDGE('',*,*,#658,.T.);
#314=ORIENTED_EDGE('',*,*,#629,.F.);
#315=ORIENTED_EDGE('',*,*,#626,.F.);
#316=ORIENTED_EDGE('',*,*,#628,.T.);
#317=ORIENTED_EDGE('',*,*,#630,.T.);
#318=ORIENTED_EDGE('',*,*,#678,.T.);
#319=ORIENTED_EDGE('',*,*,#636,.F.);
#320=ORIENTED_EDGE('',*,*,#669,.F.);
#321=ORIENTED_EDGE('',*,*,#643,.F.);
#322=ORIENTED_EDGE('',*,*,#642,.F.);
#323=ORIENTED_EDGE('',*,*,#643,.T.);
#324=ORIENTED_EDGE('',*,*,#641,.F.);
#325=ORIENTED_EDGE('',*,*,#683,.T.);
#326=ORIENTED_EDGE('',*,*,#644,.F.);
#327=ORIENTED_EDGE('',*,*,#641,.T.);
#328=ORIENTED_EDGE('',*,*,#644,.T.);
#329=ORIENTED_EDGE('',*,*,#649,.T.);
#330=ORIENTED_EDGE('',*,*,#648,.T.);
#331=ORIENTED_EDGE('',*,*,#703,.F.);
#332=ORIENTED_EDGE('',*,*,#647,.F.);
#333=ORIENTED_EDGE('',*,*,#650,.T.);
#334=ORIENTED_EDGE('',*,*,#606,.T.);
#335=ORIENTED_EDGE('',*,*,#651,.F.);
#336=ORIENTED_EDGE('',*,*,#652,.F.);
#337=ORIENTED_EDGE('',*,*,#684,.T.);
#338=ORIENTED_EDGE('',*,*,#652,.T.);
#339=ORIENTED_EDGE('',*,*,#709,.F.);
#340=ORIENTED_EDGE('',*,*,#685,.F.);
#341=ORIENTED_EDGE('',*,*,#706,.F.);
#342=ORIENTED_EDGE('',*,*,#656,.T.);
#343=ORIENTED_EDGE('',*,*,#657,.T.);
#344=ORIENTED_EDGE('',*,*,#655,.F.);
#345=ORIENTED_EDGE('',*,*,#660,.T.);
#346=ORIENTED_EDGE('',*,*,#659,.T.);
#347=ORIENTED_EDGE('',*,*,#708,.F.);
#348=ORIENTED_EDGE('',*,*,#658,.F.);
#349=ORIENTED_EDGE('',*,*,#668,.T.);
#350=ORIENTED_EDGE('',*,*,#635,.T.);
#351=ORIENTED_EDGE('',*,*,#672,.F.);
#352=ORIENTED_EDGE('',*,*,#634,.F.);
#353=ORIENTED_EDGE('',*,*,#633,.F.);
#354=ORIENTED_EDGE('',*,*,#679,.T.);
#355=ORIENTED_EDGE('',*,*,#631,.T.);
#356=ORIENTED_EDGE('',*,*,#670,.T.);
#357=ORIENTED_EDGE('',*,*,#632,.T.);
#358=ORIENTED_EDGE('',*,*,#671,.F.);
#359=ORIENTED_EDGE('',*,*,#637,.F.);
#360=ORIENTED_EDGE('',*,*,#672,.T.);
#361=ORIENTED_EDGE('',*,*,#680,.F.);
#362=ORIENTED_EDGE('',*,*,#632,.F.);
#363=ORIENTED_EDGE('',*,*,#673,.T.);
#364=ORIENTED_EDGE('',*,*,#661,.T.);
#365=ORIENTED_EDGE('',*,*,#681,.T.);
#366=ORIENTED_EDGE('',*,*,#663,.T.);
#367=ORIENTED_EDGE('',*,*,#674,.F.);
#368=ORIENTED_EDGE('',*,*,#633,.T.);
#369=ORIENTED_EDGE('',*,*,#676,.F.);
#370=ORIENTED_EDGE('',*,*,#636,.T.);
#371=ORIENTED_EDGE('',*,*,#675,.T.);
#372=ORIENTED_EDGE('',*,*,#665,.T.);
#373=ORIENTED_EDGE('',*,*,#673,.F.);
#374=ORIENTED_EDGE('',*,*,#635,.F.);
#375=ORIENTED_EDGE('',*,*,#677,.T.);
#376=ORIENTED_EDGE('',*,*,#667,.T.);
#377=ORIENTED_EDGE('',*,*,#640,.F.);
#378=ORIENTED_EDGE('',*,*,#669,.T.);
#379=ORIENTED_EDGE('',*,*,#676,.T.);
#380=ORIENTED_EDGE('',*,*,#666,.T.);
#381=ORIENTED_EDGE('',*,*,#677,.F.);
#382=ORIENTED_EDGE('',*,*,#668,.F.);
#383=ORIENTED_EDGE('',*,*,#678,.F.);
#384=ORIENTED_EDGE('',*,*,#639,.F.);
#385=ORIENTED_EDGE('',*,*,#679,.F.);
#386=ORIENTED_EDGE('',*,*,#674,.T.);
#387=ORIENTED_EDGE('',*,*,#664,.T.);
#388=ORIENTED_EDGE('',*,*,#675,.F.);
#389=ORIENTED_EDGE('',*,*,#642,.T.);
#390=ORIENTED_EDGE('',*,*,#680,.T.);
#391=ORIENTED_EDGE('',*,*,#662,.T.);
#392=ORIENTED_EDGE('',*,*,#681,.F.);
#393=ORIENTED_EDGE('',*,*,#670,.F.);
#394=ORIENTED_EDGE('',*,*,#638,.F.);
#395=ORIENTED_EDGE('',*,*,#671,.T.);
#396=ORIENTED_EDGE('',*,*,#686,.F.);
#397=ORIENTED_EDGE('',*,*,#649,.F.);
#398=ORIENTED_EDGE('',*,*,#604,.F.);
#399=ORIENTED_EDGE('',*,*,#601,.F.);
#400=ORIENTED_EDGE('',*,*,#598,.F.);
#401=ORIENTED_EDGE('',*,*,#595,.F.);
#402=ORIENTED_EDGE('',*,*,#593,.F.);
#403=ORIENTED_EDGE('',*,*,#590,.F.);
#404=ORIENTED_EDGE('',*,*,#587,.F.);
#405=ORIENTED_EDGE('',*,*,#584,.F.);
#406=ORIENTED_EDGE('',*,*,#653,.F.);
#407=ORIENTED_EDGE('',*,*,#657,.F.);
#408=ORIENTED_EDGE('',*,*,#682,.F.);
#409=ORIENTED_EDGE('',*,*,#660,.F.);
#410=ORIENTED_EDGE('',*,*,#628,.F.);
#411=ORIENTED_EDGE('',*,*,#625,.F.);
#412=ORIENTED_EDGE('',*,*,#622,.F.);
#413=ORIENTED_EDGE('',*,*,#619,.F.);
#414=ORIENTED_EDGE('',*,*,#616,.F.);
#415=ORIENTED_EDGE('',*,*,#613,.F.);
#416=ORIENTED_EDGE('',*,*,#610,.F.);
#417=ORIENTED_EDGE('',*,*,#607,.F.);
#418=ORIENTED_EDGE('',*,*,#650,.F.);
#419=ORIENTED_EDGE('',*,*,#684,.F.);
#420=ORIENTED_EDGE('',*,*,#667,.F.);
#421=ORIENTED_EDGE('',*,*,#666,.F.);
#422=ORIENTED_EDGE('',*,*,#665,.F.);
#423=ORIENTED_EDGE('',*,*,#664,.F.);
#424=ORIENTED_EDGE('',*,*,#663,.F.);
#425=ORIENTED_EDGE('',*,*,#662,.F.);
#426=ORIENTED_EDGE('',*,*,#661,.F.);
#427=ORIENTED_EDGE('',*,*,#722,.F.);
#428=ORIENTED_EDGE('',*,*,#725,.F.);
#429=ORIENTED_EDGE('',*,*,#728,.F.);
#430=ORIENTED_EDGE('',*,*,#731,.F.);
#431=ORIENTED_EDGE('',*,*,#715,.F.);
#432=ORIENTED_EDGE('',*,*,#659,.F.);
#433=ORIENTED_EDGE('',*,*,#682,.T.);
#434=ORIENTED_EDGE('',*,*,#656,.F.);
#435=ORIENTED_EDGE('',*,*,#716,.F.);
#436=ORIENTED_EDGE('',*,*,#688,.T.);
#437=ORIENTED_EDGE('',*,*,#690,.F.);
#438=ORIENTED_EDGE('',*,*,#693,.F.);
#439=ORIENTED_EDGE('',*,*,#687,.T.);
#440=ORIENTED_EDGE('',*,*,#689,.F.);
#441=ORIENTED_EDGE('',*,*,#688,.F.);
#442=ORIENTED_EDGE('',*,*,#705,.F.);
#443=ORIENTED_EDGE('',*,*,#692,.T.);
#444=ORIENTED_EDGE('',*,*,#691,.T.);
#445=ORIENTED_EDGE('',*,*,#574,.T.);
#446=ORIENTED_EDGE('',*,*,#646,.T.);
#447=ORIENTED_EDGE('',*,*,#707,.F.);
#448=ORIENTED_EDGE('',*,*,#693,.T.);
#449=ORIENTED_EDGE('',*,*,#694,.F.);
#450=ORIENTED_EDGE('',*,*,#692,.F.);
#451=ORIENTED_EDGE('',*,*,#717,.F.);
#452=ORIENTED_EDGE('',*,*,#648,.F.);
#453=ORIENTED_EDGE('',*,*,#686,.T.);
#454=ORIENTED_EDGE('',*,*,#685,.T.);
#455=ORIENTED_EDGE('',*,*,#718,.F.);
#456=ORIENTED_EDGE('',*,*,#697,.F.);
#457=ORIENTED_EDGE('',*,*,#699,.F.);
#458=ORIENTED_EDGE('',*,*,#701,.T.);
#459=ORIENTED_EDGE('',*,*,#683,.F.);
#460=ORIENTED_EDGE('',*,*,#698,.F.);
#461=ORIENTED_EDGE('',*,*,#697,.T.);
#462=ORIENTED_EDGE('',*,*,#710,.F.);
#463=ORIENTED_EDGE('',*,*,#696,.F.);
#464=ORIENTED_EDGE('',*,*,#564,.T.);
#465=ORIENTED_EDGE('',*,*,#720,.T.);
#466=ORIENTED_EDGE('',*,*,#687,.F.);
#467=ORIENTED_EDGE('',*,*,#721,.F.);
#468=ORIENTED_EDGE('',*,*,#700,.T.);
#469=ORIENTED_EDGE('',*,*,#704,.F.);
#470=ORIENTED_EDGE('',*,*,#701,.F.);
#471=ORIENTED_EDGE('',*,*,#702,.F.);
#472=ORIENTED_EDGE('',*,*,#571,.T.);
#473=ORIENTED_EDGE('',*,*,#721,.T.);
#474=ORIENTED_EDGE('',*,*,#705,.T.);
#475=ORIENTED_EDGE('',*,*,#716,.T.);
#476=ORIENTED_EDGE('',*,*,#706,.T.);
#477=ORIENTED_EDGE('',*,*,#654,.T.);
#478=ORIENTED_EDGE('',*,*,#586,.T.);
#479=ORIENTED_EDGE('',*,*,#589,.T.);
#480=ORIENTED_EDGE('',*,*,#592,.T.);
#481=ORIENTED_EDGE('',*,*,#712,.T.);
#482=ORIENTED_EDGE('',*,*,#723,.T.);
#483=ORIENTED_EDGE('',*,*,#645,.T.);
#484=ORIENTED_EDGE('',*,*,#621,.T.);
#485=ORIENTED_EDGE('',*,*,#624,.T.);
#486=ORIENTED_EDGE('',*,*,#627,.T.);
#487=ORIENTED_EDGE('',*,*,#629,.T.);
#488=ORIENTED_EDGE('',*,*,#708,.T.);
#489=ORIENTED_EDGE('',*,*,#715,.T.);
#490=ORIENTED_EDGE('',*,*,#707,.T.);
#491=ORIENTED_EDGE('',*,*,#646,.F.);
#492=ORIENTED_EDGE('',*,*,#581,.F.);
#493=ORIENTED_EDGE('',*,*,#726,.F.);
#494=ORIENTED_EDGE('',*,*,#573,.T.);
#495=ORIENTED_EDGE('',*,*,#711,.T.);
#496=ORIENTED_EDGE('',*,*,#696,.T.);
#497=ORIENTED_EDGE('',*,*,#695,.T.);
#498=ORIENTED_EDGE('',*,*,#695,.F.);
#499=ORIENTED_EDGE('',*,*,#710,.T.);
#500=ORIENTED_EDGE('',*,*,#718,.T.);
#501=ORIENTED_EDGE('',*,*,#709,.T.);
#502=ORIENTED_EDGE('',*,*,#651,.T.);
#503=ORIENTED_EDGE('',*,*,#609,.T.);
#504=ORIENTED_EDGE('',*,*,#612,.T.);
#505=ORIENTED_EDGE('',*,*,#615,.T.);
#506=ORIENTED_EDGE('',*,*,#618,.T.);
#507=ORIENTED_EDGE('',*,*,#575,.F.);
#508=ORIENTED_EDGE('',*,*,#729,.F.);
#509=ORIENTED_EDGE('',*,*,#714,.F.);
#510=ORIENTED_EDGE('',*,*,#700,.F.);
#511=ORIENTED_EDGE('',*,*,#713,.T.);
#512=ORIENTED_EDGE('',*,*,#563,.F.);
#513=ORIENTED_EDGE('',*,*,#565,.T.);
#514=ORIENTED_EDGE('',*,*,#719,.T.);
#515=ORIENTED_EDGE('',*,*,#597,.T.);
#516=ORIENTED_EDGE('',*,*,#600,.T.);
#517=ORIENTED_EDGE('',*,*,#603,.T.);
#518=ORIENTED_EDGE('',*,*,#605,.T.);
#519=ORIENTED_EDGE('',*,*,#703,.T.);
#520=ORIENTED_EDGE('',*,*,#717,.T.);
#521=ORIENTED_EDGE('',*,*,#704,.T.);
#522=ORIENTED_EDGE('',*,*,#714,.T.);
#523=ORIENTED_EDGE('',*,*,#732,.T.);
#524=ORIENTED_EDGE('',*,*,#577,.T.);
#525=ORIENTED_EDGE('',*,*,#580,.T.);
#526=ORIENTED_EDGE('',*,*,#582,.T.);
#527=ORIENTED_EDGE('',*,*,#691,.F.);
#528=ORIENTED_EDGE('',*,*,#694,.T.);
#529=ORIENTED_EDGE('',*,*,#690,.T.);
#530=ORIENTED_EDGE('',*,*,#689,.T.);
#531=ORIENTED_EDGE('',*,*,#720,.F.);
#532=ORIENTED_EDGE('',*,*,#572,.F.);
#533=ORIENTED_EDGE('',*,*,#570,.F.);
#534=ORIENTED_EDGE('',*,*,#567,.F.);
#535=ORIENTED_EDGE('',*,*,#713,.F.);
#536=ORIENTED_EDGE('',*,*,#702,.T.);
#537=ORIENTED_EDGE('',*,*,#699,.T.);
#538=ORIENTED_EDGE('',*,*,#698,.T.);
#539=ORIENTED_EDGE('',*,*,#711,.F.);
#540=ORIENTED_EDGE('',*,*,#634,.T.);
#541=ORIENTED_EDGE('',*,*,#637,.T.);
#542=ORIENTED_EDGE('',*,*,#638,.T.);
#543=ORIENTED_EDGE('',*,*,#631,.F.);
#544=ORIENTED_EDGE('',*,*,#639,.T.);
#545=ORIENTED_EDGE('',*,*,#630,.F.);
#546=ORIENTED_EDGE('',*,*,#640,.T.);
#547=ORIENTED_EDGE('',*,*,#722,.T.);
#548=ORIENTED_EDGE('',*,*,#724,.F.);
#549=ORIENTED_EDGE('',*,*,#723,.F.);
#550=ORIENTED_EDGE('',*,*,#724,.T.);
#551=ORIENTED_EDGE('',*,*,#725,.T.);
#552=ORIENTED_EDGE('',*,*,#727,.F.);
#553=ORIENTED_EDGE('',*,*,#726,.T.);
#554=ORIENTED_EDGE('',*,*,#727,.T.);
#555=ORIENTED_EDGE('',*,*,#728,.T.);
#556=ORIENTED_EDGE('',*,*,#730,.F.);
#557=ORIENTED_EDGE('',*,*,#729,.T.);
#558=ORIENTED_EDGE('',*,*,#730,.T.);
#559=ORIENTED_EDGE('',*,*,#731,.T.);
#560=ORIENTED_EDGE('',*,*,#733,.F.);
#561=ORIENTED_EDGE('',*,*,#732,.F.);
#562=ORIENTED_EDGE('',*,*,#733,.T.);
#563=EDGE_CURVE('',#905,#906,#781,.T.);
#564=EDGE_CURVE('',#907,#908,#782,.T.);
#565=EDGE_CURVE('',#905,#909,#783,.T.);
#566=EDGE_CURVE('',#909,#910,#784,.T.);
#567=EDGE_CURVE('',#906,#910,#785,.T.);
#568=EDGE_CURVE('',#911,#909,#786,.T.);
#569=EDGE_CURVE('',#911,#912,#787,.T.);
#570=EDGE_CURVE('',#910,#912,#788,.T.);
#571=EDGE_CURVE('',#911,#907,#789,.T.);
#572=EDGE_CURVE('',#912,#908,#790,.T.);
#573=EDGE_CURVE('',#913,#914,#791,.T.);
#574=EDGE_CURVE('',#916,#915,#792,.T.);
#575=EDGE_CURVE('',#913,#917,#793,.T.);
#576=EDGE_CURVE('',#917,#918,#794,.T.);
#577=EDGE_CURVE('',#914,#918,#795,.T.);
#578=EDGE_CURVE('',#917,#919,#796,.T.);
#579=EDGE_CURVE('',#919,#920,#797,.T.);
#580=EDGE_CURVE('',#918,#920,#798,.T.);
#581=EDGE_CURVE('',#919,#915,#799,.T.);
#582=EDGE_CURVE('',#920,#916,#800,.T.);
#583=EDGE_CURVE('',#921,#922,#801,.T.);
#584=EDGE_CURVE('',#921,#923,#802,.T.);
#585=EDGE_CURVE('',#923,#924,#803,.T.);
#586=EDGE_CURVE('',#922,#924,#804,.T.);
#587=EDGE_CURVE('',#923,#925,#805,.T.);
#588=EDGE_CURVE('',#925,#926,#806,.T.);
#589=EDGE_CURVE('',#924,#926,#807,.T.);
#590=EDGE_CURVE('',#925,#927,#808,.T.);
#591=EDGE_CURVE('',#927,#928,#809,.T.);
#592=EDGE_CURVE('',#926,#928,#810,.T.);
#593=EDGE_CURVE('',#927,#929,#811,.T.);
#594=EDGE_CURVE('',#929,#930,#812,.T.);
#595=EDGE_CURVE('',#929,#931,#813,.T.);
#596=EDGE_CURVE('',#931,#932,#814,.T.);
#597=EDGE_CURVE('',#930,#932,#815,.T.);
#598=EDGE_CURVE('',#931,#933,#816,.T.);
#599=EDGE_CURVE('',#933,#934,#817,.T.);
#600=EDGE_CURVE('',#932,#934,#818,.T.);
#601=EDGE_CURVE('',#933,#935,#819,.T.);
#602=EDGE_CURVE('',#935,#936,#820,.T.);
#603=EDGE_CURVE('',#934,#936,#821,.T.);
#604=EDGE_CURVE('',#935,#969,#822,.T.);
#605=EDGE_CURVE('',#936,#970,#823,.T.);
#606=EDGE_CURVE('',#937,#938,#824,.T.);
#607=EDGE_CURVE('',#937,#939,#825,.T.);
#608=EDGE_CURVE('',#939,#940,#826,.T.);
#609=EDGE_CURVE('',#938,#940,#827,.T.);
#610=EDGE_CURVE('',#939,#941,#828,.T.);
#611=EDGE_CURVE('',#941,#942,#829,.T.);
#612=EDGE_CURVE('',#940,#942,#830,.T.);
#613=EDGE_CURVE('',#941,#943,#831,.T.);
#614=EDGE_CURVE('',#943,#944,#832,.T.);
#615=EDGE_CURVE('',#942,#944,#833,.T.);
#616=EDGE_CURVE('',#943,#945,#834,.T.);
#617=EDGE_CURVE('',#945,#946,#835,.T.);
#618=EDGE_CURVE('',#944,#917,#836,.T.);
#619=EDGE_CURVE('',#945,#947,#837,.T.);
#620=EDGE_CURVE('',#947,#948,#838,.T.);
#621=EDGE_CURVE('',#946,#948,#839,.T.);
#622=EDGE_CURVE('',#947,#949,#840,.T.);
#623=EDGE_CURVE('',#949,#950,#841,.T.);
#624=EDGE_CURVE('',#948,#950,#842,.T.);
#625=EDGE_CURVE('',#949,#951,#843,.T.);
#626=EDGE_CURVE('',#951,#952,#844,.T.);
#627=EDGE_CURVE('',#950,#952,#845,.T.);
#628=EDGE_CURVE('',#951,#979,#846,.T.);
#629=EDGE_CURVE('',#952,#980,#847,.T.);
#630=EDGE_CURVE('',#962,#963,#848,.T.);
#631=EDGE_CURVE('',#964,#965,#849,.T.);
#632=EDGE_CURVE('',#954,#957,#734,.T.);
#633=EDGE_CURVE('',#958,#959,#850,.T.);
#634=EDGE_CURVE('',#961,#960,#735,.T.);
#635=EDGE_CURVE('',#953,#954,#736,.T.);
#636=EDGE_CURVE('',#956,#955,#851,.T.);
#637=EDGE_CURVE('',#960,#966,#737,.T.);
#638=EDGE_CURVE('',#966,#965,#852,.T.);
#639=EDGE_CURVE('',#964,#963,#853,.T.);
#640=EDGE_CURVE('',#962,#961,#854,.T.);
#641=EDGE_CURVE('',#968,#968,#738,.T.);
#642=EDGE_CURVE('',#967,#967,#739,.T.);
#643=EDGE_CURVE('',#967,#968,#855,.T.);
#644=EDGE_CURVE('',#968,#990,#856,.T.);
#645=EDGE_CURVE('',#919,#946,#857,.T.);
#646=EDGE_CURVE('',#915,#997,#858,.T.);
#647=EDGE_CURVE('',#969,#970,#859,.T.);
#648=EDGE_CURVE('',#971,#972,#860,.T.);
#649=EDGE_CURVE('',#969,#971,#740,.T.);
#650=EDGE_CURVE('',#973,#937,#861,.T.);
#651=EDGE_CURVE('',#974,#938,#862,.T.);
#652=EDGE_CURVE('',#973,#974,#863,.T.);
#653=EDGE_CURVE('',#975,#921,#864,.T.);
#654=EDGE_CURVE('',#976,#922,#865,.T.);
#655=EDGE_CURVE('',#976,#975,#866,.T.);
#656=EDGE_CURVE('',#978,#977,#867,.T.);
#657=EDGE_CURVE('',#977,#975,#741,.T.);
#658=EDGE_CURVE('',#979,#980,#868,.T.);
#659=EDGE_CURVE('',#981,#982,#869,.T.);
#660=EDGE_CURVE('',#979,#981,#742,.T.);
#661=EDGE_CURVE('',#983,#984,#743,.T.);
#662=EDGE_CURVE('',#984,#985,#744,.T.);
#663=EDGE_CURVE('',#985,#986,#745,.T.);
#664=EDGE_CURVE('',#986,#987,#746,.T.);
#665=EDGE_CURVE('',#987,#988,#747,.T.);
#666=EDGE_CURVE('',#988,#989,#748,.T.);
#667=EDGE_CURVE('',#989,#983,#749,.T.);
#668=EDGE_CURVE('',#961,#953,#870,.T.);
#669=EDGE_CURVE('',#962,#956,#871,.T.);
#670=EDGE_CURVE('',#965,#959,#872,.T.);
#671=EDGE_CURVE('',#966,#957,#873,.T.);
#672=EDGE_CURVE('',#960,#954,#874,.T.);
#673=EDGE_CURVE('',#954,#983,#750,.T.);
#674=EDGE_CURVE('',#958,#986,#751,.T.);
#675=EDGE_CURVE('',#955,#987,#752,.T.);
#676=EDGE_CURVE('',#956,#988,#875,.T.);
#677=EDGE_CURVE('',#953,#989,#876,.T.);
#678=EDGE_CURVE('',#963,#955,#877,.T.);
#679=EDGE_CURVE('',#958,#964,#878,.T.);
#680=EDGE_CURVE('',#957,#984,#879,.T.);
#681=EDGE_CURVE('',#959,#985,#880,.T.);
#682=EDGE_CURVE('',#981,#977,#881,.T.);
#683=EDGE_CURVE('',#990,#990,#753,.T.);
#684=EDGE_CURVE('',#992,#973,#754,.T.);
#685=EDGE_CURVE('',#992,#991,#882,.T.);
#686=EDGE_CURVE('',#971,#992,#755,.T.);
#687=EDGE_CURVE('',#994,#993,#883,.T.);
#688=EDGE_CURVE('',#996,#995,#884,.T.);
#689=EDGE_CURVE('',#995,#993,#756,.T.);
#690=EDGE_CURVE('',#998,#995,#885,.T.);
#691=EDGE_CURVE('',#999,#916,#886,.T.);
#692=EDGE_CURVE('',#997,#999,#887,.T.);
#693=EDGE_CURVE('',#1000,#998,#888,.T.);
#694=EDGE_CURVE('',#999,#998,#757,.T.);
#695=EDGE_CURVE('',#1001,#913,#889,.T.);
#696=EDGE_CURVE('',#1002,#1001,#890,.T.);
#697=EDGE_CURVE('',#1003,#1004,#891,.T.);
#698=EDGE_CURVE('',#1003,#1002,#758,.T.);
#699=EDGE_CURVE('',#1006,#1003,#892,.T.);
#700=EDGE_CURVE('',#1007,#1005,#893,.T.);
#701=EDGE_CURVE('',#1006,#1008,#894,.T.);
#702=EDGE_CURVE('',#1007,#1006,#759,.T.);
#703=EDGE_CURVE('',#970,#972,#760,.T.);
#704=EDGE_CURVE('',#1008,#1005,#761,.T.);
#705=EDGE_CURVE('',#994,#996,#762,.T.);
#706=EDGE_CURVE('',#978,#976,#763,.T.);
#707=EDGE_CURVE('',#1000,#997,#764,.T.);
#708=EDGE_CURVE('',#980,#982,#765,.T.);
#709=EDGE_CURVE('',#991,#974,#766,.T.);
#710=EDGE_CURVE('',#1001,#1004,#767,.T.);
#711=EDGE_CURVE('',#914,#1002,#895,.T.);
#712=EDGE_CURVE('',#928,#911,#896,.T.);
#713=EDGE_CURVE('',#1007,#906,#897,.T.);
#714=EDGE_CURVE('',#1005,#905,#898,.T.);
#715=EDGE_CURVE('',#982,#1000,#899,.T.);
#716=EDGE_CURVE('',#996,#978,#900,.T.);
#717=EDGE_CURVE('',#972,#1008,#901,.T.);
#718=EDGE_CURVE('',#1004,#991,#768,.T.);
#719=EDGE_CURVE('',#909,#930,#902,.T.);
#720=EDGE_CURVE('',#908,#993,#903,.T.);
#721=EDGE_CURVE('',#907,#994,#904,.T.);
#722=EDGE_CURVE('',#1009,#1009,#769,.T.);
#723=EDGE_CURVE('',#1010,#1010,#770,.T.);
#724=EDGE_CURVE('',#1010,#1009,#771,.T.);
#725=EDGE_CURVE('',#1011,#1011,#772,.T.);
#726=EDGE_CURVE('',#1012,#1012,#773,.T.);
#727=EDGE_CURVE('',#1012,#1011,#774,.T.);
#728=EDGE_CURVE('',#1013,#1013,#775,.T.);
#729=EDGE_CURVE('',#1014,#1014,#776,.T.);
#730=EDGE_CURVE('',#1014,#1013,#777,.T.);
#731=EDGE_CURVE('',#1015,#1015,#778,.T.);
#732=EDGE_CURVE('',#1016,#1016,#779,.T.);
#733=EDGE_CURVE('',#1016,#1015,#780,.T.);
#734=(
BOUNDED_CURVE()
B_SPLINE_CURVE(2,(#1856,#1857,#1858),.UNSPECIFIED.,.F.,.F.)
B_SPLINE_CURVE_WITH_KNOTS((3,3),(-8.50000000000024,0.),.UNSPECIFIED.)
CURVE()
GEOMETRIC_REPRESENTATION_ITEM()
RATIONAL_B_SPLINE_CURVE((1.,0.707106781186528,1.))
REPRESENTATION_ITEM('')
);
#735=(
BOUNDED_CURVE()
B_SPLINE_CURVE(2,(#1865,#1866,#1867),.UNSPECIFIED.,.F.,.F.)
B_SPLINE_CURVE_WITH_KNOTS((3,3),(-8.5,0.),.UNSPECIFIED.)
CURVE()
GEOMETRIC_REPRESENTATION_ITEM()
RATIONAL_B_SPLINE_CURVE((1.,0.707106781186548,1.))
REPRESENTATION_ITEM('')
);
#736=(
BOUNDED_CURVE()
B_SPLINE_CURVE(2,(#1868,#1869,#1870),.UNSPECIFIED.,.F.,.F.)
B_SPLINE_CURVE_WITH_KNOTS((3,3),(-8.4999999999999,0.),.UNSPECIFIED.)
CURVE()
GEOMETRIC_REPRESENTATION_ITEM()
RATIONAL_B_SPLINE_CURVE((1.,0.707106781186546,1.))
REPRESENTATION_ITEM('')
);
#737=(
BOUNDED_CURVE()
B_SPLINE_CURVE(2,(#1877,#1878,#1879),.UNSPECIFIED.,.F.,.F.)
B_SPLINE_CURVE_WITH_KNOTS((3,3),(-8.50000000000024,0.),.UNSPECIFIED.)
CURVE()
GEOMETRIC_REPRESENTATION_ITEM()
RATIONAL_B_SPLINE_CURVE((1.,0.707106781186528,1.))
REPRESENTATION_ITEM('')
);
#738=(
BOUNDED_CURVE()
B_SPLINE_CURVE(2,(#1886,#1887,#1888,#1889,#1890,#1891,#1892,#1893,#1894),
 .UNSPECIFIED.,.T.,.F.)
B_SPLINE_CURVE_WITH_KNOTS((3,2,2,2,3),(-11.1999999999999,-8.39999999999992,
-5.59999999999997,-2.79999999999998,0.),.UNSPECIFIED.)
CURVE()
GEOMETRIC_REPRESENTATION_ITEM()
RATIONAL_B_SPLINE_CURVE((1.,0.707106781186548,1.,0.707106781186548,1.,0.707106781186548,
1.,0.707106781186548,1.))
REPRESENTATION_ITEM('')
);
#739=(
BOUNDED_CURVE()
B_SPLINE_CURVE(2,(#1895,#1896,#1897,#1898,#1899,#1900,#1901,#1902,#1903),
 .UNSPECIFIED.,.T.,.F.)
B_SPLINE_CURVE_WITH_KNOTS((3,2,2,2,3),(-11.1999999999999,-8.39999999999992,
-5.59999999999994,-2.79999999999997,0.),.UNSPECIFIED.)
CURVE()
GEOMETRIC_REPRESENTATION_ITEM()
RATIONAL_B_SPLINE_CURVE((1.,0.707106781186548,1.,0.707106781186548,1.,0.707106781186548,
1.,0.707106781186548,1.))
REPRESENTATION_ITEM('')
);
#740=(
BOUNDED_CURVE()
B_SPLINE_CURVE(2,(#1920,#1921,#1922),.UNSPECIFIED.,.F.,.F.)
B_SPLINE_CURVE_WITH_KNOTS((3,3),(0.,1.57079632679651),.UNSPECIFIED.)
CURVE()
GEOMETRIC_REPRESENTATION_ITEM()
RATIONAL_B_SPLINE_CURVE((1.,0.707106781186722,1.))
REPRESENTATION_ITEM('')
);
#741=(
BOUNDED_CURVE()
B_SPLINE_CURVE(2,(#1953,#1954,#1955),.UNSPECIFIED.,.F.,.F.)
B_SPLINE_CURVE_WITH_KNOTS((3,3),(-1.57079632679592,0.),.UNSPECIFIED.)
CURVE()
GEOMETRIC_REPRESENTATION_ITEM()
RATIONAL_B_SPLINE_CURVE((1.,0.70710678118652,1.))
REPRESENTATION_ITEM('')
);
#742=(
BOUNDED_CURVE()
B_SPLINE_CURVE(2,(#1960,#1961,#1962),.UNSPECIFIED.,.F.,.F.)
B_SPLINE_CURVE_WITH_KNOTS((3,3),(0.,1.570796326796),.UNSPECIFIED.)
CURVE()
GEOMETRIC_REPRESENTATION_ITEM()
RATIONAL_B_SPLINE_CURVE((1.,0.707106781186525,1.))
REPRESENTATION_ITEM('')
);
#743=(
BOUNDED_CURVE()
B_SPLINE_CURVE(2,(#1963,#1964,#1965),.UNSPECIFIED.,.F.,.F.)
B_SPLINE_CURVE_WITH_KNOTS((3,3),(-31.6196670589243,-30.0488707321294),
 .UNSPECIFIED.)
CURVE()
GEOMETRIC_REPRESENTATION_ITEM()
RATIONAL_B_SPLINE_CURVE((1.,0.707106781186629,1.))
REPRESENTATION_ITEM('')
);
#744=(
BOUNDED_CURVE()
B_SPLINE_CURVE(5,(#1966,#1967,#1968,#1969,#1970,#1971),.UNSPECIFIED.,.F.,
 .F.)
B_SPLINE_CURVE_WITH_KNOTS((6,6),(-30.0488707321294,-23.2988707321294),
 .UNSPECIFIED.)
CURVE()
GEOMETRIC_REPRESENTATION_ITEM()
RATIONAL_B_SPLINE_CURVE((1.,1.,1.,1.,1.,1.))
REPRESENTATION_ITEM('')
);
#745=(
BOUNDED_CURVE()
B_SPLINE_CURVE(5,(#1972,#1973,#1974,#1975,#1976,#1977),.UNSPECIFIED.,.F.,
 .F.)
B_SPLINE_CURVE_WITH_KNOTS((6,6),(-23.2988707321294,-21.4160280196544),
 .UNSPECIFIED.)
CURVE()
GEOMETRIC_REPRESENTATION_ITEM()
RATIONAL_B_SPLINE_CURVE((1.,1.,1.,1.,1.,1.))
REPRESENTATION_ITEM('')
);
#746=(
BOUNDED_CURVE()
B_SPLINE_CURVE(5,(#1978,#1979,#1980,#1981,#1982,#1983),.UNSPECIFIED.,.F.,
 .F.)
B_SPLINE_CURVE_WITH_KNOTS((6,6),(-21.4160280196544,-14.9160280196544),
 .UNSPECIFIED.)
CURVE()
GEOMETRIC_REPRESENTATION_ITEM()
RATIONAL_B_SPLINE_CURVE((1.,1.,1.,1.,1.,1.))
REPRESENTATION_ITEM('')
);
#747=(
BOUNDED_CURVE()
B_SPLINE_CURVE(5,(#1984,#1985,#1986,#1987,#1988,#1989),.UNSPECIFIED.,.F.,
 .F.)
B_SPLINE_CURVE_WITH_KNOTS((6,6),(-14.9160280196544,-13.0331853071796),
 .UNSPECIFIED.)
CURVE()
GEOMETRIC_REPRESENTATION_ITEM()
RATIONAL_B_SPLINE_CURVE((1.,1.,1.,1.,1.,1.))
REPRESENTATION_ITEM('')
);
#748=(
BOUNDED_CURVE()
B_SPLINE_CURVE(5,(#1990,#1991,#1992,#1993,#1994,#1995),.UNSPECIFIED.,.F.,
 .F.)
B_SPLINE_CURVE_WITH_KNOTS((6,6),(-13.0331853071796,-6.28318530717959),
 .UNSPECIFIED.)
CURVE()
GEOMETRIC_REPRESENTATION_ITEM()
RATIONAL_B_SPLINE_CURVE((1.,1.,1.,1.,1.,1.))
REPRESENTATION_ITEM('')
);
#749=(
BOUNDED_CURVE()
B_SPLINE_CURVE(2,(#1996,#1997,#1998),.UNSPECIFIED.,.F.,.F.)
B_SPLINE_CURVE_WITH_KNOTS((3,3),(-6.28318530717959,-4.71238898038469),
 .UNSPECIFIED.)
CURVE()
GEOMETRIC_REPRESENTATION_ITEM()
RATIONAL_B_SPLINE_CURVE((1.,0.707106781186638,1.))
REPRESENTATION_ITEM('')
);
#750=(
BOUNDED_CURVE()
B_SPLINE_CURVE(1,(#2014,#2015,#2016),.UNSPECIFIED.,.F.,.F.)
B_SPLINE_CURVE_WITH_KNOTS((2,1,2),(-11.9971507564685,-3.0000031927354,-3.19273539650666E-6),
 .UNSPECIFIED.)
CURVE()
GEOMETRIC_REPRESENTATION_ITEM()
RATIONAL_B_SPLINE_CURVE((1.,1.,1.))
REPRESENTATION_ITEM('')
);
#751=(
BOUNDED_CURVE()
B_SPLINE_CURVE(1,(#2017,#2018,#2019),.UNSPECIFIED.,.F.,.F.)
B_SPLINE_CURVE_WITH_KNOTS((2,1,2),(1.00285243626706,10.,13.),
 .UNSPECIFIED.)
CURVE()
GEOMETRIC_REPRESENTATION_ITEM()
RATIONAL_B_SPLINE_CURVE((1.,1.,1.))
REPRESENTATION_ITEM('')
);
#752=(
BOUNDED_CURVE()
B_SPLINE_CURVE(1,(#2020,#2021,#2022),.UNSPECIFIED.,.F.,.F.)
B_SPLINE_CURVE_WITH_KNOTS((2,1,2),(1.0028524362669,10.,13.),
 .UNSPECIFIED.)
CURVE()
GEOMETRIC_REPRESENTATION_ITEM()
RATIONAL_B_SPLINE_CURVE((1.,1.,1.))
REPRESENTATION_ITEM('')
);
#753=(
BOUNDED_CURVE()
B_SPLINE_CURVE(2,(#2037,#2038,#2039,#2040,#2041,#2042,#2043,#2044,#2045),
 .UNSPECIFIED.,.T.,.F.)
B_SPLINE_CURVE_WITH_KNOTS((3,2,2,2,3),(-11.9377504734081,-8.95331285505608,
-5.96887523670405,-2.98443761835203,0.),.UNSPECIFIED.)
CURVE()
GEOMETRIC_REPRESENTATION_ITEM()
RATIONAL_B_SPLINE_CURVE((1.,0.707106781186548,1.,0.707106781186548,1.,0.707106781186548,
1.,0.707106781186548,1.))
REPRESENTATION_ITEM('')
);
#754=(
BOUNDED_CURVE()
B_SPLINE_CURVE(2,(#2046,#2047,#2048),.UNSPECIFIED.,.F.,.F.)
B_SPLINE_CURVE_WITH_KNOTS((3,3),(0.0240200609604176,1.5707963267979),
 .UNSPECIFIED.)
CURVE()
GEOMETRIC_REPRESENTATION_ITEM()
RATIONAL_B_SPLINE_CURVE((1.,0.714744843828707,1.))
REPRESENTATION_ITEM('')
);
#755=(
BOUNDED_CURVE()
B_SPLINE_CURVE(5,(#2051,#2052,#2053,#2054,#2055,#2056,#2057,#2058,#2059,
#2060,#2061,#2062,#2063,#2064,#2065,#2066,#2067,#2068,#2069,#2070,#2071,
#2072,#2073,#2074,#2075,#2076),.UNSPECIFIED.,.F.,.F.)
B_SPLINE_CURVE_WITH_KNOTS((6,5,5,5,5,6),(-378.433931799167,-377.54448207992,
-377.168545720587,-361.455657308107,-360.190271229527,-360.166251168567),
 .UNSPECIFIED.)
CURVE()
GEOMETRIC_REPRESENTATION_ITEM()
RATIONAL_B_SPLINE_CURVE((1.,1.,1.,1.,1.,1.,1.,1.,1.,1.,1.,1.,1.,1.,1.,1.,
1.,1.,1.,1.,1.,0.999976407768384,0.999964611652576,0.999964611652576,0.999976407768384,
1.))
REPRESENTATION_ITEM('')
);
#756=(
BOUNDED_CURVE()
B_SPLINE_CURVE(2,(#2081,#2082,#2083),.UNSPECIFIED.,.F.,.F.)
B_SPLINE_CURVE_WITH_KNOTS((3,3),(-4.71238898038594,0.),.UNSPECIFIED.)
CURVE()
GEOMETRIC_REPRESENTATION_ITEM()
RATIONAL_B_SPLINE_CURVE((1.,0.707106781186474,1.))
REPRESENTATION_ITEM('')
);
#757=(
BOUNDED_CURVE()
B_SPLINE_CURVE(2,(#2092,#2093,#2094),.UNSPECIFIED.,.F.,.F.)
B_SPLINE_CURVE_WITH_KNOTS((3,3),(0.,4.71238898038539),.UNSPECIFIED.)
CURVE()
GEOMETRIC_REPRESENTATION_ITEM()
RATIONAL_B_SPLINE_CURVE((1.,0.707106781186578,1.))
REPRESENTATION_ITEM('')
);
#758=(
BOUNDED_CURVE()
B_SPLINE_CURVE(2,(#2101,#2102,#2103),.UNSPECIFIED.,.F.,.F.)
B_SPLINE_CURVE_WITH_KNOTS((3,3),(-4.71238898038535,0.),.UNSPECIFIED.)
CURVE()
GEOMETRIC_REPRESENTATION_ITEM()
RATIONAL_B_SPLINE_CURVE((1.,0.707106781186565,1.))
REPRESENTATION_ITEM('')
);
#759=(
BOUNDED_CURVE()
B_SPLINE_CURVE(2,(#2110,#2111,#2112),.UNSPECIFIED.,.F.,.F.)
B_SPLINE_CURVE_WITH_KNOTS((3,3),(0.,4.71238898038526),.UNSPECIFIED.)
CURVE()
GEOMETRIC_REPRESENTATION_ITEM()
RATIONAL_B_SPLINE_CURVE((1.,0.707106781186516,1.))
REPRESENTATION_ITEM('')
);
#760=(
BOUNDED_CURVE()
B_SPLINE_CURVE(2,(#2113,#2114,#2115),.UNSPECIFIED.,.F.,.F.)
B_SPLINE_CURVE_WITH_KNOTS((3,3),(109.47685622553,111.047652552326),
 .UNSPECIFIED.)
CURVE()
GEOMETRIC_REPRESENTATION_ITEM()
RATIONAL_B_SPLINE_CURVE((1.,0.707106781186715,1.))
REPRESENTATION_ITEM('')
);
#761=(
BOUNDED_CURVE()
B_SPLINE_CURVE(2,(#2116,#2117,#2118),.UNSPECIFIED.,.F.,.F.)
B_SPLINE_CURVE_WITH_KNOTS((3,3),(115.313038630906,120.025427611291),
 .UNSPECIFIED.)
CURVE()
GEOMETRIC_REPRESENTATION_ITEM()
RATIONAL_B_SPLINE_CURVE((1.,0.707106781186512,1.))
REPRESENTATION_ITEM('')
);
#762=(
BOUNDED_CURVE()
B_SPLINE_CURVE(2,(#2119,#2120,#2121),.UNSPECIFIED.,.F.,.F.)
B_SPLINE_CURVE_WITH_KNOTS((3,3),(132.519729124226,137.232118104612),
 .UNSPECIFIED.)
CURVE()
GEOMETRIC_REPRESENTATION_ITEM()
RATIONAL_B_SPLINE_CURVE((1.,0.707106781186488,1.))
REPRESENTATION_ITEM('')
);
#763=(
BOUNDED_CURVE()
B_SPLINE_CURVE(2,(#2122,#2123,#2124),.UNSPECIFIED.,.F.,.F.)
B_SPLINE_CURVE_WITH_KNOTS((3,3),(141.497504183192,143.068300509988),
 .UNSPECIFIED.)
CURVE()
GEOMETRIC_REPRESENTATION_ITEM()
RATIONAL_B_SPLINE_CURVE((1.,0.707106781186498,1.))
REPRESENTATION_ITEM('')
);
#764=(
BOUNDED_CURVE()
B_SPLINE_CURVE(2,(#2125,#2126,#2127),.UNSPECIFIED.,.F.,.F.)
B_SPLINE_CURVE_WITH_KNOTS((3,3),(95.2482526507432,99.9606416311285),
 .UNSPECIFIED.)
CURVE()
GEOMETRIC_REPRESENTATION_ITEM()
RATIONAL_B_SPLINE_CURVE((1.,0.707106781186567,1.))
REPRESENTATION_ITEM('')
);
#765=(
BOUNDED_CURVE()
B_SPLINE_CURVE(2,(#2128,#2129,#2130),.UNSPECIFIED.,.F.,.F.)
B_SPLINE_CURVE_WITH_KNOTS((3,3),(89.4120702453671,90.9828665721631),
 .UNSPECIFIED.)
CURVE()
GEOMETRIC_REPRESENTATION_ITEM()
RATIONAL_B_SPLINE_CURVE((1.,0.707106781186493,1.))
REPRESENTATION_ITEM('')
);
#766=(
BOUNDED_CURVE()
B_SPLINE_CURVE(2,(#2131,#2132,#2133),.UNSPECIFIED.,.F.,.F.)
B_SPLINE_CURVE_WITH_KNOTS((3,3),(9.00179511992576,10.5485713857633),
 .UNSPECIFIED.)
CURVE()
GEOMETRIC_REPRESENTATION_ITEM()
RATIONAL_B_SPLINE_CURVE((1.,0.714744843828723,1.))
REPRESENTATION_ITEM('')
);
#767=(
BOUNDED_CURVE()
B_SPLINE_CURVE(2,(#2134,#2135,#2136),.UNSPECIFIED.,.F.,.F.)
B_SPLINE_CURVE_WITH_KNOTS((3,3),(0.,4.71238898038535),.UNSPECIFIED.)
CURVE()
GEOMETRIC_REPRESENTATION_ITEM()
RATIONAL_B_SPLINE_CURVE((1.,0.707106781186569,1.))
REPRESENTATION_ITEM('')
);
#768=(
BOUNDED_CURVE()
B_SPLINE_CURVE(5,(#2158,#2159,#2160,#2161,#2162,#2163,#2164,#2165,#2166,
#2167,#2168,#2169,#2170,#2171,#2172,#2173),.UNSPECIFIED.,.F.,.F.)
B_SPLINE_CURVE_WITH_KNOTS((6,5,5,6),(20.428174784598,23.428174784598,24.693560863178,
24.7175809241384),.UNSPECIFIED.)
CURVE()
GEOMETRIC_REPRESENTATION_ITEM()
RATIONAL_B_SPLINE_CURVE((1.,1.,1.,1.,1.,1.,1.,1.,1.,1.,1.,0.999976407768384,
0.999964611652576,0.999964611652576,0.999976407768384,1.))
REPRESENTATION_ITEM('')
);
#769=(
BOUNDED_CURVE()
B_SPLINE_CURVE(2,(#2184,#2185,#2186,#2187,#2188,#2189,#2190,#2191,#2192),
 .UNSPECIFIED.,.T.,.F.)
B_SPLINE_CURVE_WITH_KNOTS((3,2,2,2,3),(0.,2.35619449019234,4.71238898038469,
7.06858347057703,9.42477796076938),.UNSPECIFIED.)
CURVE()
GEOMETRIC_REPRESENTATION_ITEM()
RATIONAL_B_SPLINE_CURVE((1.,0.707106781186548,1.,0.707106781186548,1.,0.707106781186548,
1.,0.707106781186548,1.))
REPRESENTATION_ITEM('')
);
#770=(
BOUNDED_CURVE()
B_SPLINE_CURVE(2,(#2193,#2194,#2195,#2196,#2197,#2198,#2199,#2200,#2201),
 .UNSPECIFIED.,.T.,.F.)
B_SPLINE_CURVE_WITH_KNOTS((3,2,2,2,3),(0.,2.35619449019234,4.71238898038469,
7.06858347057703,9.42477796076938),.UNSPECIFIED.)
CURVE()
GEOMETRIC_REPRESENTATION_ITEM()
RATIONAL_B_SPLINE_CURVE((1.,0.707106781186548,1.,0.707106781186548,1.,0.707106781186548,
1.,0.707106781186548,1.))
REPRESENTATION_ITEM('')
);
#771=(
BOUNDED_CURVE()
B_SPLINE_CURVE(1,(#2202,#2203),.UNSPECIFIED.,.F.,.F.)
B_SPLINE_CURVE_WITH_KNOTS((2,2),(11.9971475637331,14.9971475637331),
 .UNSPECIFIED.)
CURVE()
GEOMETRIC_REPRESENTATION_ITEM()
RATIONAL_B_SPLINE_CURVE((1.,1.))
REPRESENTATION_ITEM('')
);
#772=(
BOUNDED_CURVE()
B_SPLINE_CURVE(2,(#2204,#2205,#2206,#2207,#2208,#2209,#2210,#2211,#2212),
 .UNSPECIFIED.,.T.,.F.)
B_SPLINE_CURVE_WITH_KNOTS((3,2,2,2,3),(0.,2.35619449019234,4.71238898038469,
7.06858347057703,9.42477796076938),.UNSPECIFIED.)
CURVE()
GEOMETRIC_REPRESENTATION_ITEM()
RATIONAL_B_SPLINE_CURVE((1.,0.707106781186548,1.,0.707106781186548,1.,0.707106781186548,
1.,0.707106781186548,1.))
REPRESENTATION_ITEM('')
);
#773=(
BOUNDED_CURVE()
B_SPLINE_CURVE(2,(#2213,#2214,#2215,#2216,#2217,#2218,#2219,#2220,#2221),
 .UNSPECIFIED.,.T.,.F.)
B_SPLINE_CURVE_WITH_KNOTS((3,2,2,2,3),(-9.42477796076938,-7.06858347057703,
-4.71238898038469,-2.35619449019234,0.),.UNSPECIFIED.)
CURVE()
GEOMETRIC_REPRESENTATION_ITEM()
RATIONAL_B_SPLINE_CURVE((1.,0.707106781186548,1.,0.707106781186548,1.,0.707106781186548,
1.,0.707106781186548,1.))
REPRESENTATION_ITEM('')
);
#774=(
BOUNDED_CURVE()
B_SPLINE_CURVE(1,(#2222,#2223),.UNSPECIFIED.,.F.,.F.)
B_SPLINE_CURVE_WITH_KNOTS((2,2),(11.997147563733,14.9971475637331),
 .UNSPECIFIED.)
CURVE()
GEOMETRIC_REPRESENTATION_ITEM()
RATIONAL_B_SPLINE_CURVE((1.,1.))
REPRESENTATION_ITEM('')
);
#775=(
BOUNDED_CURVE()
B_SPLINE_CURVE(2,(#2224,#2225,#2226,#2227,#2228,#2229,#2230,#2231,#2232),
 .UNSPECIFIED.,.T.,.F.)
B_SPLINE_CURVE_WITH_KNOTS((3,2,2,2,3),(0.,2.35619449019234,4.71238898038469,
7.06858347057703,9.42477796076938),.UNSPECIFIED.)
CURVE()
GEOMETRIC_REPRESENTATION_ITEM()
RATIONAL_B_SPLINE_CURVE((1.,0.707106781186548,1.,0.707106781186548,1.,0.707106781186548,
1.,0.707106781186548,1.))
REPRESENTATION_ITEM('')
);
#776=(
BOUNDED_CURVE()
B_SPLINE_CURVE(2,(#2233,#2234,#2235,#2236,#2237,#2238,#2239,#2240,#2241),
 .UNSPECIFIED.,.T.,.F.)
B_SPLINE_CURVE_WITH_KNOTS((3,2,2,2,3),(-9.42477796076938,-7.06858347057703,
-4.71238898038469,-2.35619449019234,0.),.UNSPECIFIED.)
CURVE()
GEOMETRIC_REPRESENTATION_ITEM()
RATIONAL_B_SPLINE_CURVE((1.,0.707106781186548,1.,0.707106781186548,1.,0.707106781186548,
1.,0.707106781186548,1.))
REPRESENTATION_ITEM('')
);
#777=(
BOUNDED_CURVE()
B_SPLINE_CURVE(1,(#2242,#2243),.UNSPECIFIED.,.F.,.F.)
B_SPLINE_CURVE_WITH_KNOTS((2,2),(11.997147563733,14.9971475637331),
 .UNSPECIFIED.)
CURVE()
GEOMETRIC_REPRESENTATION_ITEM()
RATIONAL_B_SPLINE_CURVE((1.,1.))
REPRESENTATION_ITEM('')
);
#778=(
BOUNDED_CURVE()
B_SPLINE_CURVE(2,(#2244,#2245,#2246,#2247,#2248,#2249,#2250,#2251,#2252),
 .UNSPECIFIED.,.T.,.F.)
B_SPLINE_CURVE_WITH_KNOTS((3,2,2,2,3),(0.,2.35619449019234,4.71238898038469,
7.06858347057703,9.42477796076938),.UNSPECIFIED.)
CURVE()
GEOMETRIC_REPRESENTATION_ITEM()
RATIONAL_B_SPLINE_CURVE((1.,0.707106781186548,1.,0.707106781186548,1.,0.707106781186548,
1.,0.707106781186548,1.))
REPRESENTATION_ITEM('')
);
#779=(
BOUNDED_CURVE()
B_SPLINE_CURVE(2,(#2253,#2254,#2255,#2256,#2257,#2258,#2259,#2260,#2261),
 .UNSPECIFIED.,.T.,.F.)
B_SPLINE_CURVE_WITH_KNOTS((3,2,2,2,3),(0.,2.35619449019234,4.71238898038469,
7.06858347057703,9.42477796076938),.UNSPECIFIED.)
CURVE()
GEOMETRIC_REPRESENTATION_ITEM()
RATIONAL_B_SPLINE_CURVE((1.,0.707106781186548,1.,0.707106781186548,1.,0.707106781186548,
1.,0.707106781186548,1.))
REPRESENTATION_ITEM('')
);
#780=(
BOUNDED_CURVE()
B_SPLINE_CURVE(1,(#2262,#2263),.UNSPECIFIED.,.F.,.F.)
B_SPLINE_CURVE_WITH_KNOTS((2,2),(11.9971475637331,14.9971475637331),
 .UNSPECIFIED.)
CURVE()
GEOMETRIC_REPRESENTATION_ITEM()
RATIONAL_B_SPLINE_CURVE((1.,1.))
REPRESENTATION_ITEM('')
);
#781=B_SPLINE_CURVE_WITH_KNOTS('',1,(#1586,#1587),.UNSPECIFIED.,.F.,.F.,
(2,2),(0.,11.9971475637314),.UNSPECIFIED.);
#782=B_SPLINE_CURVE_WITH_KNOTS('',1,(#1588,#1589),.UNSPECIFIED.,.F.,.F.,
(2,2),(0.,11.9971475637314),.UNSPECIFIED.);
#783=B_SPLINE_CURVE_WITH_KNOTS('',1,(#1590,#1591),.UNSPECIFIED.,.F.,.F.,
(2,2),(0.,23.8603159010822),.UNSPECIFIED.);
#784=B_SPLINE_CURVE_WITH_KNOTS('',1,(#1592,#1593),.UNSPECIFIED.,.F.,.F.,
(2,2),(0.,11.9971475637314),.UNSPECIFIED.);
#785=B_SPLINE_CURVE_WITH_KNOTS('',1,(#1594,#1595),.UNSPECIFIED.,.F.,.F.,
(2,2),(0.,23.8603159010822),.UNSPECIFIED.);
#786=B_SPLINE_CURVE_WITH_KNOTS('',1,(#1596,#1597),.UNSPECIFIED.,.F.,.F.,
(2,2),(-29.3267997789983,-23.8603159010822),.UNSPECIFIED.);
#787=B_SPLINE_CURVE_WITH_KNOTS('',1,(#1598,#1599),.UNSPECIFIED.,.F.,.F.,
(2,2),(0.,11.9971475637314),.UNSPECIFIED.);
#788=B_SPLINE_CURVE_WITH_KNOTS('',1,(#1600,#1601),.UNSPECIFIED.,.F.,.F.,
(2,2),(23.8603159010822,29.3267997789983),.UNSPECIFIED.);
#789=B_SPLINE_CURVE_WITH_KNOTS('',1,(#1602,#1603),.UNSPECIFIED.,.F.,.F.,
(2,2),(29.3267997789983,53.1871156800806),.UNSPECIFIED.);
#790=B_SPLINE_CURVE_WITH_KNOTS('',1,(#1604,#1605),.UNSPECIFIED.,.F.,.F.,
(2,2),(29.3267997789983,53.1871156800806),.UNSPECIFIED.);
#791=B_SPLINE_CURVE_WITH_KNOTS('',1,(#1606,#1607),.UNSPECIFIED.,.F.,.F.,
(2,2),(0.,11.9971475637314),.UNSPECIFIED.);
#792=B_SPLINE_CURVE_WITH_KNOTS('',1,(#1608,#1609),.UNSPECIFIED.,.F.,.F.,
(2,2),(-11.9971475637314,0.),.UNSPECIFIED.);
#793=B_SPLINE_CURVE_WITH_KNOTS('',1,(#1610,#1611),.UNSPECIFIED.,.F.,.F.,
(2,2),(0.,23.8603159010822),.UNSPECIFIED.);
#794=B_SPLINE_CURVE_WITH_KNOTS('',1,(#1612,#1613),.UNSPECIFIED.,.F.,.F.,
(2,2),(0.,11.9971475637314),.UNSPECIFIED.);
#795=B_SPLINE_CURVE_WITH_KNOTS('',1,(#1614,#1615),.UNSPECIFIED.,.F.,.F.,
(2,2),(0.,23.8603159010822),.UNSPECIFIED.);
#796=B_SPLINE_CURVE_WITH_KNOTS('',1,(#1616,#1617),.UNSPECIFIED.,.F.,.F.,
(2,2),(23.8603159010822,29.3267997789983),.UNSPECIFIED.);
#797=B_SPLINE_CURVE_WITH_KNOTS('',1,(#1618,#1619),.UNSPECIFIED.,.F.,.F.,
(2,2),(0.,11.9971475637314),.UNSPECIFIED.);
#798=B_SPLINE_CURVE_WITH_KNOTS('',1,(#1620,#1621),.UNSPECIFIED.,.F.,.F.,
(2,2),(23.8603159010822,29.3267997789983),.UNSPECIFIED.);
#799=B_SPLINE_CURVE_WITH_KNOTS('',1,(#1622,#1623),.UNSPECIFIED.,.F.,.F.,
(2,2),(29.3267997789983,53.1871156800806),.UNSPECIFIED.);
#800=B_SPLINE_CURVE_WITH_KNOTS('',1,(#1624,#1625),.UNSPECIFIED.,.F.,.F.,
(2,2),(29.3267997789983,53.1871156800806),.UNSPECIFIED.);
#801=B_SPLINE_CURVE_WITH_KNOTS('',1,(#1626,#1627),.UNSPECIFIED.,.F.,.F.,
(2,2),(0.,3.),.UNSPECIFIED.);
#802=B_SPLINE_CURVE_WITH_KNOTS('',5,(#1628,#1629,#1630,#1631,#1632,#1633),
 .UNSPECIFIED.,.F.,.F.,(6,6),(-452.18604539551,-446.537517258083),
 .UNSPECIFIED.);
#803=B_SPLINE_CURVE_WITH_KNOTS('',1,(#1634,#1635),.UNSPECIFIED.,.F.,.F.,
(2,2),(0.,3.),.UNSPECIFIED.);
#804=B_SPLINE_CURVE_WITH_KNOTS('',5,(#1636,#1637,#1638,#1639,#1640,#1641),
 .UNSPECIFIED.,.F.,.F.,(6,6),(-452.18604539551,-446.537517258083),
 .UNSPECIFIED.);
#805=B_SPLINE_CURVE_WITH_KNOTS('',5,(#1642,#1643,#1644,#1645,#1646,#1647),
 .UNSPECIFIED.,.F.,.F.,(6,6),(-446.537517258083,-442.872745386123),
 .UNSPECIFIED.);
#806=B_SPLINE_CURVE_WITH_KNOTS('',1,(#1648,#1649),.UNSPECIFIED.,.F.,.F.,
(2,2),(0.,3.),.UNSPECIFIED.);
#807=B_SPLINE_CURVE_WITH_KNOTS('',5,(#1650,#1651,#1652,#1653,#1654,#1655),
 .UNSPECIFIED.,.F.,.F.,(6,6),(-446.537517258083,-442.872745386123),
 .UNSPECIFIED.);
#808=B_SPLINE_CURVE_WITH_KNOTS('',5,(#1656,#1657,#1658,#1659,#1660,#1661),
 .UNSPECIFIED.,.F.,.F.,(6,6),(-442.872745386123,-437.224217248698),
 .UNSPECIFIED.);
#809=B_SPLINE_CURVE_WITH_KNOTS('',1,(#1662,#1663),.UNSPECIFIED.,.F.,.F.,
(2,2),(0.,3.),.UNSPECIFIED.);
#810=B_SPLINE_CURVE_WITH_KNOTS('',5,(#1664,#1665,#1666,#1667,#1668,#1669),
 .UNSPECIFIED.,.F.,.F.,(6,6),(-442.872745386123,-437.224217248698),
 .UNSPECIFIED.);
#811=B_SPLINE_CURVE_WITH_KNOTS('',5,(#1670,#1671,#1672,#1673,#1674,#1675),
 .UNSPECIFIED.,.F.,.F.,(6,6),(-437.224217248698,-402.507145209241),
 .UNSPECIFIED.);
#812=B_SPLINE_CURVE_WITH_KNOTS('',1,(#1676,#1677),.UNSPECIFIED.,.F.,.F.,
(2,2),(0.,3.),.UNSPECIFIED.);
#813=B_SPLINE_CURVE_WITH_KNOTS('',5,(#1678,#1679,#1680,#1681,#1682,#1683),
 .UNSPECIFIED.,.F.,.F.,(6,6),(-402.507145209241,-396.858617071815),
 .UNSPECIFIED.);
#814=B_SPLINE_CURVE_WITH_KNOTS('',1,(#1684,#1685),.UNSPECIFIED.,.F.,.F.,
(2,2),(0.,3.),.UNSPECIFIED.);
#815=B_SPLINE_CURVE_WITH_KNOTS('',5,(#1686,#1687,#1688,#1689,#1690,#1691),
 .UNSPECIFIED.,.F.,.F.,(6,6),(-402.507145209241,-396.858617071815),
 .UNSPECIFIED.);
#816=B_SPLINE_CURVE_WITH_KNOTS('',5,(#1692,#1693,#1694,#1695,#1696,#1697),
 .UNSPECIFIED.,.F.,.F.,(6,6),(-396.858617071815,-393.193845199855),
 .UNSPECIFIED.);
#817=B_SPLINE_CURVE_WITH_KNOTS('',1,(#1698,#1699),.UNSPECIFIED.,.F.,.F.,
(2,2),(0.,3.),.UNSPECIFIED.);
#818=B_SPLINE_CURVE_WITH_KNOTS('',5,(#1700,#1701,#1702,#1703,#1704,#1705),
 .UNSPECIFIED.,.F.,.F.,(6,6),(-396.858617071815,-393.193845199855),
 .UNSPECIFIED.);
#819=B_SPLINE_CURVE_WITH_KNOTS('',5,(#1706,#1707,#1708,#1709,#1710,#1711),
 .UNSPECIFIED.,.F.,.F.,(6,6),(-393.193845199855,-387.545317062428),
 .UNSPECIFIED.);
#820=B_SPLINE_CURVE_WITH_KNOTS('',1,(#1712,#1713),.UNSPECIFIED.,.F.,.F.,
(2,2),(0.,3.),.UNSPECIFIED.);
#821=B_SPLINE_CURVE_WITH_KNOTS('',5,(#1714,#1715,#1716,#1717,#1718,#1719),
 .UNSPECIFIED.,.F.,.F.,(6,6),(-393.193845199855,-387.545317062428),
 .UNSPECIFIED.);
#822=B_SPLINE_CURVE_WITH_KNOTS('',5,(#1720,#1721,#1722,#1723,#1724,#1725),
 .UNSPECIFIED.,.F.,.F.,(6,6),(-387.545317062428,-380.433931799167),
 .UNSPECIFIED.);
#823=B_SPLINE_CURVE_WITH_KNOTS('',5,(#1726,#1727,#1728,#1729,#1730,#1731),
 .UNSPECIFIED.,.F.,.F.,(6,6),(-387.545317062428,-380.433931799166),
 .UNSPECIFIED.);
#824=B_SPLINE_CURVE_WITH_KNOTS('',1,(#1732,#1733),.UNSPECIFIED.,.F.,.F.,
(2,2),(0.,3.),.UNSPECIFIED.);
#825=B_SPLINE_CURVE_WITH_KNOTS('',5,(#1734,#1735,#1736,#1737,#1738,#1739),
 .UNSPECIFIED.,.F.,.F.,(6,6),(-351.078885966266,-345.430357828839),
 .UNSPECIFIED.);
#826=B_SPLINE_CURVE_WITH_KNOTS('',1,(#1740,#1741),.UNSPECIFIED.,.F.,.F.,
(2,2),(0.,3.),.UNSPECIFIED.);
#827=B_SPLINE_CURVE_WITH_KNOTS('',5,(#1742,#1743,#1744,#1745,#1746,#1747),
 .UNSPECIFIED.,.F.,.F.,(6,6),(-351.078885966266,-345.430357828839),
 .UNSPECIFIED.);
#828=B_SPLINE_CURVE_WITH_KNOTS('',5,(#1748,#1749,#1750,#1751,#1752,#1753),
 .UNSPECIFIED.,.F.,.F.,(6,6),(-345.430357828839,-341.765585956879),
 .UNSPECIFIED.);
#829=B_SPLINE_CURVE_WITH_KNOTS('',1,(#1754,#1755),.UNSPECIFIED.,.F.,.F.,
(2,2),(0.,3.),.UNSPECIFIED.);
#830=B_SPLINE_CURVE_WITH_KNOTS('',5,(#1756,#1757,#1758,#1759,#1760,#1761),
 .UNSPECIFIED.,.F.,.F.,(6,6),(-345.430357828839,-341.765585956879),
 .UNSPECIFIED.);
#831=B_SPLINE_CURVE_WITH_KNOTS('',5,(#1762,#1763,#1764,#1765,#1766,#1767),
 .UNSPECIFIED.,.F.,.F.,(6,6),(-341.765585956879,-336.117057819454),
 .UNSPECIFIED.);
#832=B_SPLINE_CURVE_WITH_KNOTS('',1,(#1768,#1769),.UNSPECIFIED.,.F.,.F.,
(2,2),(0.,3.),.UNSPECIFIED.);
#833=B_SPLINE_CURVE_WITH_KNOTS('',5,(#1770,#1771,#1772,#1773,#1774,#1775),
 .UNSPECIFIED.,.F.,.F.,(6,6),(-341.765585956879,-336.117057819454),
 .UNSPECIFIED.);
#834=B_SPLINE_CURVE_WITH_KNOTS('',5,(#1776,#1777,#1778,#1779,#1780,#1781),
 .UNSPECIFIED.,.F.,.F.,(6,6),(-336.117057819454,-301.399985779997),
 .UNSPECIFIED.);
#835=B_SPLINE_CURVE_WITH_KNOTS('',1,(#1782,#1783),.UNSPECIFIED.,.F.,.F.,
(2,2),(0.,3.),.UNSPECIFIED.);
#836=B_SPLINE_CURVE_WITH_KNOTS('',5,(#1784,#1785,#1786,#1787,#1788,#1789),
 .UNSPECIFIED.,.F.,.F.,(6,6),(-336.117057819454,-321.767419752286),
 .UNSPECIFIED.);
#837=B_SPLINE_CURVE_WITH_KNOTS('',5,(#1790,#1791,#1792,#1793,#1794,#1795),
 .UNSPECIFIED.,.F.,.F.,(6,6),(-301.399985779997,-295.751457642571),
 .UNSPECIFIED.);
#838=B_SPLINE_CURVE_WITH_KNOTS('',1,(#1796,#1797),.UNSPECIFIED.,.F.,.F.,
(2,2),(0.,3.),.UNSPECIFIED.);
#839=B_SPLINE_CURVE_WITH_KNOTS('',5,(#1798,#1799,#1800,#1801,#1802,#1803),
 .UNSPECIFIED.,.F.,.F.,(6,6),(-301.399985779997,-295.751457642571),
 .UNSPECIFIED.);
#840=B_SPLINE_CURVE_WITH_KNOTS('',5,(#1804,#1805,#1806,#1807,#1808,#1809),
 .UNSPECIFIED.,.F.,.F.,(6,6),(-295.751457642571,-292.086685770611),
 .UNSPECIFIED.);
#841=B_SPLINE_CURVE_WITH_KNOTS('',1,(#1810,#1811),.UNSPECIFIED.,.F.,.F.,
(2,2),(0.,3.),.UNSPECIFIED.);
#842=B_SPLINE_CURVE_WITH_KNOTS('',5,(#1812,#1813,#1814,#1815,#1816,#1817),
 .UNSPECIFIED.,.F.,.F.,(6,6),(-295.751457642571,-292.086685770611),
 .UNSPECIFIED.);
#843=B_SPLINE_CURVE_WITH_KNOTS('',5,(#1818,#1819,#1820,#1821,#1822,#1823),
 .UNSPECIFIED.,.F.,.F.,(6,6),(-292.086685770611,-286.438157633184),
 .UNSPECIFIED.);
#844=B_SPLINE_CURVE_WITH_KNOTS('',1,(#1824,#1825),.UNSPECIFIED.,.F.,.F.,
(2,2),(0.,3.),.UNSPECIFIED.);
#845=B_SPLINE_CURVE_WITH_KNOTS('',5,(#1826,#1827,#1828,#1829,#1830,#1831),
 .UNSPECIFIED.,.F.,.F.,(6,6),(-292.086685770611,-286.438157633184),
 .UNSPECIFIED.);
#846=B_SPLINE_CURVE_WITH_KNOTS('',5,(#1832,#1833,#1834,#1835,#1836,#1837),
 .UNSPECIFIED.,.F.,.F.,(6,6),(-286.438157633184,-279.326772369924),
 .UNSPECIFIED.);
#847=B_SPLINE_CURVE_WITH_KNOTS('',5,(#1838,#1839,#1840,#1841,#1842,#1843),
 .UNSPECIFIED.,.F.,.F.,(6,6),(-286.438157633184,-279.326772369923),
 .UNSPECIFIED.);
#848=B_SPLINE_CURVE_WITH_KNOTS('',5,(#1844,#1845,#1846,#1847,#1848,#1849),
 .UNSPECIFIED.,.F.,.F.,(6,6),(-1.88284271247471,0.),.UNSPECIFIED.);
#849=B_SPLINE_CURVE_WITH_KNOTS('',5,(#1850,#1851,#1852,#1853,#1854,#1855),
 .UNSPECIFIED.,.F.,.F.,(6,6),(0.,1.88284271247471),.UNSPECIFIED.);
#850=B_SPLINE_CURVE_WITH_KNOTS('',5,(#1859,#1860,#1861,#1862,#1863,#1864),
 .UNSPECIFIED.,.F.,.F.,(6,6),(0.,1.88284271247457),.UNSPECIFIED.);
#851=B_SPLINE_CURVE_WITH_KNOTS('',5,(#1871,#1872,#1873,#1874,#1875,#1876),
 .UNSPECIFIED.,.F.,.F.,(6,6),(0.,1.88284271247461),.UNSPECIFIED.);
#852=B_SPLINE_CURVE_WITH_KNOTS('',1,(#1880,#1881),.UNSPECIFIED.,.F.,.F.,
(2,2),(0.,6.74999999999999),.UNSPECIFIED.);
#853=B_SPLINE_CURVE_WITH_KNOTS('',1,(#1882,#1883),.UNSPECIFIED.,.F.,.F.,
(2,2),(0.,6.5),.UNSPECIFIED.);
#854=B_SPLINE_CURVE_WITH_KNOTS('',1,(#1884,#1885),.UNSPECIFIED.,.F.,.F.,
(2,2),(0.,6.74999999999999),.UNSPECIFIED.);
#855=B_SPLINE_CURVE_WITH_KNOTS('',1,(#1904,#1905),.UNSPECIFIED.,.F.,.F.,
(2,2),(0.410201465921981,4.39221612514187),.UNSPECIFIED.);
#856=B_SPLINE_CURVE_WITH_KNOTS('',1,(#1906,#1907),.UNSPECIFIED.,.F.,.F.,
(2,2),(-1.15678095325888E-14,0.994301512934281),.UNSPECIFIED.);
#857=B_SPLINE_CURVE_WITH_KNOTS('',5,(#1908,#1909,#1910,#1911,#1912,#1913),
 .UNSPECIFIED.,.F.,.F.,(6,6),(-316.30093587437,-301.399985779997),
 .UNSPECIFIED.);
#858=B_SPLINE_CURVE_WITH_KNOTS('',1,(#1914,#1915),.UNSPECIFIED.,.F.,.F.,
(2,2),(11.7068292467002,15.4971507564673),.UNSPECIFIED.);
#859=B_SPLINE_CURVE_WITH_KNOTS('',1,(#1916,#1917),.UNSPECIFIED.,.F.,.F.,
(2,2),(0.,3.),.UNSPECIFIED.);
#860=B_SPLINE_CURVE_WITH_KNOTS('',1,(#1918,#1919),.UNSPECIFIED.,.F.,.F.,
(2,2),(0.,3.),.UNSPECIFIED.);
#861=B_SPLINE_CURVE_WITH_KNOTS('',5,(#1923,#1924,#1925,#1926,#1927,#1928),
 .UNSPECIFIED.,.F.,.F.,(6,6),(-358.190271229527,-351.078885966266),
 .UNSPECIFIED.);
#862=B_SPLINE_CURVE_WITH_KNOTS('',5,(#1929,#1930,#1931,#1932,#1933,#1934),
 .UNSPECIFIED.,.F.,.F.,(6,6),(-358.190271229527,-351.078885966266),
 .UNSPECIFIED.);
#863=B_SPLINE_CURVE_WITH_KNOTS('',1,(#1935,#1936),.UNSPECIFIED.,.F.,.F.,
(2,2),(0.,3.),.UNSPECIFIED.);
#864=B_SPLINE_CURVE_WITH_KNOTS('',5,(#1937,#1938,#1939,#1940,#1941,#1942),
 .UNSPECIFIED.,.F.,.F.,(6,6),(-459.297430658771,-452.18604539551),
 .UNSPECIFIED.);
#865=B_SPLINE_CURVE_WITH_KNOTS('',5,(#1943,#1944,#1945,#1946,#1947,#1948),
 .UNSPECIFIED.,.F.,.F.,(6,6),(-459.297430658772,-452.18604539551),
 .UNSPECIFIED.);
#866=B_SPLINE_CURVE_WITH_KNOTS('',1,(#1949,#1950),.UNSPECIFIED.,.F.,.F.,
(2,2),(0.,3.),.UNSPECIFIED.);
#867=B_SPLINE_CURVE_WITH_KNOTS('',1,(#1951,#1952),.UNSPECIFIED.,.F.,.F.,
(2,2),(0.,3.),.UNSPECIFIED.);
#868=B_SPLINE_CURVE_WITH_KNOTS('',1,(#1956,#1957),.UNSPECIFIED.,.F.,.F.,
(2,2),(0.,3.),.UNSPECIFIED.);
#869=B_SPLINE_CURVE_WITH_KNOTS('',1,(#1958,#1959),.UNSPECIFIED.,.F.,.F.,
(2,2),(0.,3.),.UNSPECIFIED.);
#870=B_SPLINE_CURVE_WITH_KNOTS('',1,(#1999,#2000,#2001),.UNSPECIFIED.,.F.,
 .F.,(2,1,2),(0.,1.9971475637331,3.),.UNSPECIFIED.);
#871=B_SPLINE_CURVE_WITH_KNOTS('',1,(#2002,#2003,#2004),.UNSPECIFIED.,.F.,
 .F.,(2,1,2),(-3.,-1.0028524362669,0.),.UNSPECIFIED.);
#872=B_SPLINE_CURVE_WITH_KNOTS('',1,(#2005,#2006,#2007),.UNSPECIFIED.,.F.,
 .F.,(2,1,2),(-3.,-1.00285243626707,0.),.UNSPECIFIED.);
#873=B_SPLINE_CURVE_WITH_KNOTS('',1,(#2008,#2009,#2010),.UNSPECIFIED.,.F.,
 .F.,(2,1,2),(-3.,-1.00285243626707,0.),.UNSPECIFIED.);
#874=B_SPLINE_CURVE_WITH_KNOTS('',1,(#2011,#2012,#2013),.UNSPECIFIED.,.F.,
 .F.,(2,1,2),(-3.,-1.00285243626692,0.),.UNSPECIFIED.);
#875=B_SPLINE_CURVE_WITH_KNOTS('',1,(#2023,#2024),.UNSPECIFIED.,.F.,.F.,
(2,2),(0.,11.9971475637331),.UNSPECIFIED.);
#876=B_SPLINE_CURVE_WITH_KNOTS('',1,(#2025,#2026),.UNSPECIFIED.,.F.,.F.,
(2,2),(0.,11.9971475637331),.UNSPECIFIED.);
#877=B_SPLINE_CURVE_WITH_KNOTS('',1,(#2027,#2028),.UNSPECIFIED.,.F.,.F.,
(2,2),(0.,3.),.UNSPECIFIED.);
#878=B_SPLINE_CURVE_WITH_KNOTS('',1,(#2029,#2030),.UNSPECIFIED.,.F.,.F.,
(2,2),(0.,3.),.UNSPECIFIED.);
#879=B_SPLINE_CURVE_WITH_KNOTS('',1,(#2031,#2032),.UNSPECIFIED.,.F.,.F.,
(2,2),(0.,11.997147563733),.UNSPECIFIED.);
#880=B_SPLINE_CURVE_WITH_KNOTS('',1,(#2033,#2034),.UNSPECIFIED.,.F.,.F.,
(2,2),(0.,11.997147563733),.UNSPECIFIED.);
#881=B_SPLINE_CURVE_WITH_KNOTS('',1,(#2035,#2036),.UNSPECIFIED.,.F.,.F.,
(2,2),(0.,18.2436605696401),.UNSPECIFIED.);
#882=B_SPLINE_CURVE_WITH_KNOTS('',1,(#2049,#2050),.UNSPECIFIED.,.F.,.F.,
(2,2),(4.00000000000019,7.00000000000019),.UNSPECIFIED.);
#883=B_SPLINE_CURVE_WITH_KNOTS('',1,(#2077,#2078),.UNSPECIFIED.,.F.,.F.,
(2,2),(-3.46389583683049E-14,11.9971475637316),.UNSPECIFIED.);
#884=B_SPLINE_CURVE_WITH_KNOTS('',1,(#2079,#2080),.UNSPECIFIED.,.F.,.F.,
(2,2),(4.21884749357559E-14,11.9971475637315),.UNSPECIFIED.);
#885=B_SPLINE_CURVE_WITH_KNOTS('',1,(#2084,#2085),.UNSPECIFIED.,.F.,.F.,
(2,2),(-15.990457519542,-6.27756910706205),.UNSPECIFIED.);
#886=B_SPLINE_CURVE_WITH_KNOTS('',1,(#2086,#2087),.UNSPECIFIED.,.F.,.F.,
(2,2),(3.00284924353265,6.79241407465156),.UNSPECIFIED.);
#887=B_SPLINE_CURVE_WITH_KNOTS('',1,(#2088,#2089),.UNSPECIFIED.,.F.,.F.,
(2,2),(-4.9293902293357E-14,11.9971475637312),.UNSPECIFIED.);
#888=B_SPLINE_CURVE_WITH_KNOTS('',1,(#2090,#2091),.UNSPECIFIED.,.F.,.F.,
(2,2),(-6.63687579557209E-15,11.9971475637312),.UNSPECIFIED.);
#889=B_SPLINE_CURVE_WITH_KNOTS('',1,(#2095,#2096),.UNSPECIFIED.,.F.,.F.,
(2,2),(3.00284924353269,6.24110204743894),.UNSPECIFIED.);
#890=B_SPLINE_CURVE_WITH_KNOTS('',1,(#2097,#2098),.UNSPECIFIED.,.F.,.F.,
(2,2),(0.,11.9971475637312),.UNSPECIFIED.);
#891=B_SPLINE_CURVE_WITH_KNOTS('',1,(#2099,#2100),.UNSPECIFIED.,.F.,.F.,
(2,2),(-1.99840144432528E-14,11.9971475637312),.UNSPECIFIED.);
#892=B_SPLINE_CURVE_WITH_KNOTS('',1,(#2104,#2105),.UNSPECIFIED.,.F.,.F.,
(2,2),(6.27756910706205,15.990457519542),.UNSPECIFIED.);
#893=B_SPLINE_CURVE_WITH_KNOTS('',1,(#2106,#2107),.UNSPECIFIED.,.F.,.F.,
(2,2),(0.,11.9971475637317),.UNSPECIFIED.);
#894=B_SPLINE_CURVE_WITH_KNOTS('',1,(#2108,#2109),.UNSPECIFIED.,.F.,.F.,
(2,2),(8.88178419700125E-14,11.9971475637316),.UNSPECIFIED.);
#895=B_SPLINE_CURVE_WITH_KNOTS('',1,(#2137,#2138),.UNSPECIFIED.,.F.,.F.,
(2,2),(12.2588979525611,15.4971507564674),.UNSPECIFIED.);
#896=B_SPLINE_CURVE_WITH_KNOTS('',5,(#2139,#2140,#2141,#2142,#2143,#2144),
 .UNSPECIFIED.,.F.,.F.,(6,6),(-437.224217248698,-422.323267154324),
 .UNSPECIFIED.);
#897=B_SPLINE_CURVE_WITH_KNOTS('',1,(#2145,#2146),.UNSPECIFIED.,.F.,.F.,
(2,2),(-15.4971507564671,-12.2588979525612),.UNSPECIFIED.);
#898=B_SPLINE_CURVE_WITH_KNOTS('',1,(#2147,#2148),.UNSPECIFIED.,.F.,.F.,
(2,2),(7.57048446722752,10.8087372711335),.UNSPECIFIED.);
#899=B_SPLINE_CURVE_WITH_KNOTS('',1,(#2149,#2150,#2151),.UNSPECIFIED.,.F.,
 .F.,(2,1,2),(0.,1.26538607857999,4.26538607858003),.UNSPECIFIED.);
#900=B_SPLINE_CURVE_WITH_KNOTS('',1,(#2152,#2153,#2154),.UNSPECIFIED.,.F.,
 .F.,(2,1,2),(-10.7152863721181,-7.71528637211804,-6.44990029353796),
 .UNSPECIFIED.);
#901=B_SPLINE_CURVE_WITH_KNOTS('',1,(#2155,#2156,#2157),.UNSPECIFIED.,.F.,
 .F.,(2,1,2),(0.,1.26538607858008,4.26538607858009),.UNSPECIFIED.);
#902=B_SPLINE_CURVE_WITH_KNOTS('',5,(#2174,#2175,#2176,#2177,#2178,#2179),
 .UNSPECIFIED.,.F.,.F.,(6,6),(-416.856783276408,-402.507145209241),
 .UNSPECIFIED.);
#903=B_SPLINE_CURVE_WITH_KNOTS('',1,(#2180,#2181),.UNSPECIFIED.,.F.,.F.,
(2,2),(-6.79241407464507,-3.00284924353263),.UNSPECIFIED.);
#904=B_SPLINE_CURVE_WITH_KNOTS('',1,(#2182,#2183),.UNSPECIFIED.,.F.,.F.,
(2,2),(16.2752211490496,20.0647859801621),.UNSPECIFIED.);
#905=VERTEX_POINT('',#1474);
#906=VERTEX_POINT('',#1475);
#907=VERTEX_POINT('',#1476);
#908=VERTEX_POINT('',#1477);
#909=VERTEX_POINT('',#1478);
#910=VERTEX_POINT('',#1479);
#911=VERTEX_POINT('',#1480);
#912=VERTEX_POINT('',#1481);
#913=VERTEX_POINT('',#1482);
#914=VERTEX_POINT('',#1483);
#915=VERTEX_POINT('',#1484);
#916=VERTEX_POINT('',#1485);
#917=VERTEX_POINT('',#1486);
#918=VERTEX_POINT('',#1487);
#919=VERTEX_POINT('',#1488);
#920=VERTEX_POINT('',#1489);
#921=VERTEX_POINT('',#1490);
#922=VERTEX_POINT('',#1491);
#923=VERTEX_POINT('',#1492);
#924=VERTEX_POINT('',#1493);
#925=VERTEX_POINT('',#1494);
#926=VERTEX_POINT('',#1495);
#927=VERTEX_POINT('',#1496);
#928=VERTEX_POINT('',#1497);
#929=VERTEX_POINT('',#1498);
#930=VERTEX_POINT('',#1499);
#931=VERTEX_POINT('',#1500);
#932=VERTEX_POINT('',#1501);
#933=VERTEX_POINT('',#1502);
#934=VERTEX_POINT('',#1503);
#935=VERTEX_POINT('',#1504);
#936=VERTEX_POINT('',#1505);
#937=VERTEX_POINT('',#1506);
#938=VERTEX_POINT('',#1507);
#939=VERTEX_POINT('',#1508);
#940=VERTEX_POINT('',#1509);
#941=VERTEX_POINT('',#1510);
#942=VERTEX_POINT('',#1511);
#943=VERTEX_POINT('',#1512);
#944=VERTEX_POINT('',#1513);
#945=VERTEX_POINT('',#1514);
#946=VERTEX_POINT('',#1515);
#947=VERTEX_POINT('',#1516);
#948=VERTEX_POINT('',#1517);
#949=VERTEX_POINT('',#1518);
#950=VERTEX_POINT('',#1519);
#951=VERTEX_POINT('',#1520);
#952=VERTEX_POINT('',#1521);
#953=VERTEX_POINT('',#1522);
#954=VERTEX_POINT('',#1523);
#955=VERTEX_POINT('',#1524);
#956=VERTEX_POINT('',#1525);
#957=VERTEX_POINT('',#1526);
#958=VERTEX_POINT('',#1527);
#959=VERTEX_POINT('',#1528);
#960=VERTEX_POINT('',#1529);
#961=VERTEX_POINT('',#1530);
#962=VERTEX_POINT('',#1531);
#963=VERTEX_POINT('',#1532);
#964=VERTEX_POINT('',#1533);
#965=VERTEX_POINT('',#1534);
#966=VERTEX_POINT('',#1535);
#967=VERTEX_POINT('',#1536);
#968=VERTEX_POINT('',#1537);
#969=VERTEX_POINT('',#1538);
#970=VERTEX_POINT('',#1539);
#971=VERTEX_POINT('',#1540);
#972=VERTEX_POINT('',#1541);
#973=VERTEX_POINT('',#1542);
#974=VERTEX_POINT('',#1543);
#975=VERTEX_POINT('',#1544);
#976=VERTEX_POINT('',#1545);
#977=VERTEX_POINT('',#1546);
#978=VERTEX_POINT('',#1547);
#979=VERTEX_POINT('',#1548);
#980=VERTEX_POINT('',#1549);
#981=VERTEX_POINT('',#1550);
#982=VERTEX_POINT('',#1551);
#983=VERTEX_POINT('',#1552);
#984=VERTEX_POINT('',#1553);
#985=VERTEX_POINT('',#1554);
#986=VERTEX_POINT('',#1555);
#987=VERTEX_POINT('',#1556);
#988=VERTEX_POINT('',#1557);
#989=VERTEX_POINT('',#1558);
#990=VERTEX_POINT('',#1559);
#991=VERTEX_POINT('',#1560);
#992=VERTEX_POINT('',#1561);
#993=VERTEX_POINT('',#1562);
#994=VERTEX_POINT('',#1563);
#995=VERTEX_POINT('',#1564);
#996=VERTEX_POINT('',#1565);
#997=VERTEX_POINT('',#1566);
#998=VERTEX_POINT('',#1567);
#999=VERTEX_POINT('',#1568);
#1000=VERTEX_POINT('',#1569);
#1001=VERTEX_POINT('',#1570);
#1002=VERTEX_POINT('',#1571);
#1003=VERTEX_POINT('',#1572);
#1004=VERTEX_POINT('',#1573);
#1005=VERTEX_POINT('',#1574);
#1006=VERTEX_POINT('',#1575);
#1007=VERTEX_POINT('',#1576);
#1008=VERTEX_POINT('',#1577);
#1009=VERTEX_POINT('',#1578);
#1010=VERTEX_POINT('',#1579);
#1011=VERTEX_POINT('',#1580);
#1012=VERTEX_POINT('',#1581);
#1013=VERTEX_POINT('',#1582);
#1014=VERTEX_POINT('',#1583);
#1015=VERTEX_POINT('',#1584);
#1016=VERTEX_POINT('',#1585);
#1017=CYLINDRICAL_SURFACE('',#1184,1.00000000000009);
#1018=CYLINDRICAL_SURFACE('',#1185,0.999999999999545);
#1019=CYLINDRICAL_SURFACE('',#1186,1.00000000000015);
#1020=CYLINDRICAL_SURFACE('',#1187,1.00000000000044);
#1021=CYLINDRICAL_SURFACE('',#1188,4.25000000000057);
#1022=CYLINDRICAL_SURFACE('',#1189,4.25000000000043);
#1023=CYLINDRICAL_SURFACE('',#1195,3.00000000000068);
#1024=CYLINDRICAL_SURFACE('',#1196,2.99999999999991);
#1025=CYLINDRICAL_SURFACE('',#1197,2.99999999999998);
#1026=CYLINDRICAL_SURFACE('',#1198,3.0000000000004);
#1027=CYLINDRICAL_SURFACE('',#1200,1.5);
#1028=CYLINDRICAL_SURFACE('',#1201,1.5);
#1029=CYLINDRICAL_SURFACE('',#1202,1.5);
#1030=CYLINDRICAL_SURFACE('',#1203,1.5);
#1031=CYLINDRICAL_SURFACE('',#1204,1.39999999999998);
#1032=CYLINDRICAL_SURFACE('',#1205,4.25000000000034);
#1033=CYLINDRICAL_SURFACE('',#1206,4.24999999999985);
#1034=(
BOUNDED_SURFACE()
B_SPLINE_SURFACE(2,1,((#1401,#1402),(#1403,#1404),(#1405,#1406),(#1407,
#1408),(#1409,#1410),(#1411,#1412),(#1413,#1414),(#1415,#1416),(#1417,#1418)),
 .UNSPECIFIED.,.T.,.F.,.F.)
B_SPLINE_SURFACE_WITH_KNOTS((3,2,2,2,3),(2,2),(0.,2.98443761835203,5.96887523670405,
8.95331285505608,11.9377504734081),(-3.79835052299882E-14,1.00000000000004),
 .UNSPECIFIED.)
GEOMETRIC_REPRESENTATION_ITEM()
RATIONAL_B_SPLINE_SURFACE(((1.,1.),(0.707106781186548,0.707106781186548),
(1.,1.),(0.707106781186548,0.707106781186548),(1.,1.),(0.707106781186548,
0.707106781186548),(1.,1.),(0.707106781186548,0.707106781186548),(1.,1.)))
REPRESENTATION_ITEM('')
SURFACE()
);
#1035=(
BOUNDED_SURFACE()
B_SPLINE_SURFACE(1,5,((#1427,#1428,#1429,#1430,#1431,#1432),(#1433,#1434,
#1435,#1436,#1437,#1438)),.UNSPECIFIED.,.F.,.F.,.F.)
B_SPLINE_SURFACE_WITH_KNOTS((2,2),(6,6),(0.,34.),(-23.2988707321294,-21.4160280196544),
 .UNSPECIFIED.)
GEOMETRIC_REPRESENTATION_ITEM()
RATIONAL_B_SPLINE_SURFACE(((1.,1.,1.,1.,1.,1.),(1.,1.,1.,1.,1.,1.)))
REPRESENTATION_ITEM('')
SURFACE()
);
#1036=(
BOUNDED_SURFACE()
B_SPLINE_SURFACE(1,5,((#1439,#1440,#1441,#1442,#1443,#1444),(#1445,#1446,
#1447,#1448,#1449,#1450)),.UNSPECIFIED.,.F.,.F.,.F.)
B_SPLINE_SURFACE_WITH_KNOTS((2,2),(6,6),(0.,34.),(-14.9160280196544,-13.0331853071796),
 .UNSPECIFIED.)
GEOMETRIC_REPRESENTATION_ITEM()
RATIONAL_B_SPLINE_SURFACE(((1.,1.,1.,1.,1.,1.),(1.,1.,1.,1.,1.,1.)))
REPRESENTATION_ITEM('')
SURFACE()
);
#1037=B_SPLINE_SURFACE_WITH_KNOTS('',5,1,((#1272,#1273),(#1274,#1275),(#1276,
#1277),(#1278,#1279),(#1280,#1281),(#1282,#1283)),.UNSPECIFIED.,.F.,.F.,
 .F.,(6,6),(2,2),(-452.18604539551,-446.537517258083),(0.,3.),
 .UNSPECIFIED.);
#1038=B_SPLINE_SURFACE_WITH_KNOTS('',5,1,((#1285,#1286),(#1287,#1288),(#1289,
#1290),(#1291,#1292),(#1293,#1294),(#1295,#1296)),.UNSPECIFIED.,.F.,.F.,
 .F.,(6,6),(2,2),(-442.872745386123,-437.224217248698),(0.,3.),
 .UNSPECIFIED.);
#1039=B_SPLINE_SURFACE_WITH_KNOTS('',5,1,((#1298,#1299),(#1300,#1301),(#1302,
#1303),(#1304,#1305),(#1306,#1307),(#1308,#1309)),.UNSPECIFIED.,.F.,.F.,
 .F.,(6,6),(2,2),(-402.507145209241,-396.858617071815),(0.,3.),
 .UNSPECIFIED.);
#1040=B_SPLINE_SURFACE_WITH_KNOTS('',5,1,((#1311,#1312),(#1313,#1314),(#1315,
#1316),(#1317,#1318),(#1319,#1320),(#1321,#1322)),.UNSPECIFIED.,.F.,.F.,
 .F.,(6,6),(2,2),(-393.193845199855,-387.545317062428),(0.,3.),
 .UNSPECIFIED.);
#1041=B_SPLINE_SURFACE_WITH_KNOTS('',5,1,((#1325,#1326),(#1327,#1328),(#1329,
#1330),(#1331,#1332),(#1333,#1334),(#1335,#1336)),.UNSPECIFIED.,.F.,.F.,
 .F.,(6,6),(2,2),(-351.078885966266,-345.430357828839),(0.,3.),
 .UNSPECIFIED.);
#1042=B_SPLINE_SURFACE_WITH_KNOTS('',5,1,((#1338,#1339),(#1340,#1341),(#1342,
#1343),(#1344,#1345),(#1346,#1347),(#1348,#1349)),.UNSPECIFIED.,.F.,.F.,
 .F.,(6,6),(2,2),(-341.765585956879,-336.117057819454),(0.,3.),
 .UNSPECIFIED.);
#1043=B_SPLINE_SURFACE_WITH_KNOTS('',5,1,((#1351,#1352),(#1353,#1354),(#1355,
#1356),(#1357,#1358),(#1359,#1360),(#1361,#1362)),.UNSPECIFIED.,.F.,.F.,
 .F.,(6,6),(2,2),(-301.399985779997,-295.751457642571),(0.,3.),
 .UNSPECIFIED.);
#1044=B_SPLINE_SURFACE_WITH_KNOTS('',5,1,((#1364,#1365),(#1366,#1367),(#1368,
#1369),(#1370,#1371),(#1372,#1373),(#1374,#1375)),.UNSPECIFIED.,.F.,.F.,
 .F.,(6,6),(2,2),(-292.086685770611,-286.438157633184),(0.,3.),
 .UNSPECIFIED.);
#1045=B_SPLINE_SURFACE_WITH_KNOTS('',5,1,((#1377,#1378),(#1379,#1380),(#1381,
#1382),(#1383,#1384),(#1385,#1386),(#1387,#1388)),.UNSPECIFIED.,.F.,.F.,
 .F.,(6,6),(2,2),(0.,1.88284271247471),(0.,3.),.UNSPECIFIED.);
#1046=B_SPLINE_SURFACE_WITH_KNOTS('',5,1,((#1389,#1390),(#1391,#1392),(#1393,
#1394),(#1395,#1396),(#1397,#1398),(#1399,#1400)),.UNSPECIFIED.,.F.,.F.,
 .F.,(6,6),(2,2),(-1.88284271247471,0.),(0.,3.),.UNSPECIFIED.);
#1047=PLANE('',#1165);
#1048=PLANE('',#1166);
#1049=PLANE('',#1167);
#1050=PLANE('',#1168);
#1051=PLANE('',#1169);
#1052=PLANE('',#1170);
#1053=PLANE('',#1171);
#1054=PLANE('',#1172);
#1055=PLANE('',#1173);
#1056=PLANE('',#1174);
#1057=PLANE('',#1175);
#1058=PLANE('',#1176);
#1059=PLANE('',#1177);
#1060=PLANE('',#1178);
#1061=PLANE('',#1179);
#1062=PLANE('',#1180);
#1063=PLANE('',#1181);
#1064=PLANE('',#1182);
#1065=PLANE('',#1183);
#1066=PLANE('',#1190);
#1067=PLANE('',#1191);
#1068=PLANE('',#1192);
#1069=PLANE('',#1193);
#1070=PLANE('',#1194);
#1071=PLANE('',#1199);
#1072=PLANE('',#1207);
#1073=PLANE('',#1208);
#1074=PLANE('',#1209);
#1075=PLANE('',#1210);
#1076=PLANE('',#1211);
#1077=SHAPE_DEFINITION_REPRESENTATION(#1078,#1163);
#1078=PRODUCT_DEFINITION_SHAPE('Document','',#1080);
#1079=PRODUCT_DEFINITION_CONTEXT('3D Mechanical Parts',#1152,'design');
#1080=PRODUCT_DEFINITION('A','First version',#1122,#1079);
#1081=DATE_TIME_ROLE('classification_date');
#1082=DATE_TIME_ROLE('creation_date');
#1083=APPLIED_DATE_AND_TIME_ASSIGNMENT(#1107,#1081,(#1086));
#1084=APPLIED_DATE_AND_TIME_ASSIGNMENT(#1109,#1082,(#1080));
#1085=SECURITY_CLASSIFICATION_LEVEL('unclassified');
#1086=SECURITY_CLASSIFICATION('A','Security for version',#1085);
#1087=APPLIED_SECURITY_CLASSIFICATION_ASSIGNMENT(#1086,(#1122));
#1088=APPROVAL_ROLE('Version approval');
#1089=APPROVAL_ROLE('Version Security approval');
#1090=APPROVAL_ROLE('Definition approval');
#1091=APPROVAL_PERSON_ORGANIZATION(#1140,#1116,#1088);
#1092=APPROVAL_PERSON_ORGANIZATION(#1141,#1117,#1089);
#1093=APPROVAL_PERSON_ORGANIZATION(#1144,#1118,#1090);
#1094=COORDINATED_UNIVERSAL_TIME_OFFSET(5,0,.BEHIND.);
#1095=LOCAL_TIME(0,0,0.,#1094);
#1096=LOCAL_TIME(0,0,0.,#1094);
#1097=LOCAL_TIME(0,0,0.,#1094);
#1098=LOCAL_TIME(0,0,0.,#1094);
#1099=LOCAL_TIME(0,0,0.,#1094);
#1100=CALENDAR_DATE(1999,1,1);
#1101=CALENDAR_DATE(1999,1,1);
#1102=CALENDAR_DATE(1999,1,1);
#1103=CALENDAR_DATE(1999,1,1);
#1104=CALENDAR_DATE(1999,1,1);
#1105=DATE_AND_TIME(#1100,#1095);
#1106=DATE_AND_TIME(#1101,#1096);
#1107=DATE_AND_TIME(#1102,#1097);
#1108=DATE_AND_TIME(#1103,#1098);
#1109=DATE_AND_TIME(#1104,#1099);
#1110=APPROVAL_DATE_TIME(#1105,#1116);
#1111=APPROVAL_DATE_TIME(#1106,#1117);
#1112=APPROVAL_DATE_TIME(#1108,#1118);
#1113=APPROVAL_STATUS('not_yet_approved');
#1114=APPROVAL_STATUS('not_yet_approved');
#1115=APPROVAL_STATUS('approved');
#1116=APPROVAL(#1113,'Version approval');
#1117=APPROVAL(#1114,'Version Security approval');
#1118=APPROVAL(#1115,'Definition approval');
#1119=APPLIED_APPROVAL_ASSIGNMENT(#1116,(#1122));
#1120=APPLIED_APPROVAL_ASSIGNMENT(#1117,(#1086));
#1121=APPLIED_APPROVAL_ASSIGNMENT(#1118,(#1080));
#1122=PRODUCT_DEFINITION_FORMATION_WITH_SPECIFIED_SOURCE('A',
'First version',#1154,.MADE.);
#1123=PERSON_AND_ORGANIZATION_ROLE('design_owner');
#1124=PERSON_AND_ORGANIZATION_ROLE('creator');
#1125=PERSON_AND_ORGANIZATION_ROLE('design_supplier');
#1126=PERSON_AND_ORGANIZATION_ROLE('classification_officer');
#1127=PERSON_AND_ORGANIZATION_ROLE('creator');
#1128=ORGANIZATION('STI','lab','lab');
#1129=ORGANIZATION('STI','unknown','unknown');
#1130=ORGANIZATION('STI','unknown','unknown');
#1131=ORGANIZATION('STI','unknown','unknown');
#1132=ORGANIZATION('STI','unknown','unknown');
#1133=ORGANIZATION('STI','unknown','unknown');
#1134=ORGANIZATION('STI','unknown','unknown');
#1135=PERSON('1','Box','vc60',$,$,$);
#1136=PERSON('2','last','first',$,$,$);
#1137=PERSON('3','President','Mr.',$,$,$);
#1138=PERSON_AND_ORGANIZATION(#1135,#1128);
#1139=PERSON_AND_ORGANIZATION(#1136,#1129);
#1140=PERSON_AND_ORGANIZATION(#1137,#1130);
#1141=PERSON_AND_ORGANIZATION(#1137,#1131);
#1142=PERSON_AND_ORGANIZATION(#1137,#1132);
#1143=PERSON_AND_ORGANIZATION(#1136,#1133);
#1144=PERSON_AND_ORGANIZATION(#1137,#1134);
#1145=APPLIED_PERSON_AND_ORGANIZATION_ASSIGNMENT(#1138,#1123,(#1154));
#1146=APPLIED_PERSON_AND_ORGANIZATION_ASSIGNMENT(#1139,#1124,(#1122));
#1147=APPLIED_PERSON_AND_ORGANIZATION_ASSIGNMENT(#1139,#1125,(#1122));
#1148=APPLIED_PERSON_AND_ORGANIZATION_ASSIGNMENT(#1142,#1126,(#1086));
#1149=APPLIED_PERSON_AND_ORGANIZATION_ASSIGNMENT(#1143,#1127,(#1080));
#1150=PRODUCT_RELATED_PRODUCT_CATEGORY('detail','detail',(#1154));
#1151=APPLICATION_PROTOCOL_DEFINITION('International Standard',
'config_control_design',1994,#1152);
#1152=APPLICATION_CONTEXT(
'configuration controlled 3d designs of mechanical parts and assemblie
s');
#1153=PRODUCT_CONTEXT('3D Mechanical Parts',#1152,'mechanical');
#1154=PRODUCT('Document','Document','',(#1153));
#1155=(
LENGTH_UNIT()
NAMED_UNIT(*)
SI_UNIT(.MILLI.,.METRE.)
);
#1156=(
NAMED_UNIT(*)
PLANE_ANGLE_UNIT()
SI_UNIT($,.RADIAN.)
);
#1157=DIMENSIONAL_EXPONENTS(0.,0.,0.,0.,0.,0.,0.);
#1158=PLANE_ANGLE_MEASURE_WITH_UNIT(PLANE_ANGLE_MEASURE(0.01745329252),
#1156);
#1159=(
CONVERSION_BASED_UNIT('DEGREES',#1158)
NAMED_UNIT(#1157)
PLANE_ANGLE_UNIT()
);
#1160=(
NAMED_UNIT(*)
SI_UNIT($,.STERADIAN.)
SOLID_ANGLE_UNIT()
);
#1161=UNCERTAINTY_MEASURE_WITH_UNIT(LENGTH_MEASURE(0.001),#1155,
'DISTANCE_ACCURACY_VALUE',
'Maximum model space distance between geometric entities at asserted c
onnectivities');
#1162=(
GEOMETRIC_REPRESENTATION_CONTEXT(3)
GLOBAL_UNCERTAINTY_ASSIGNED_CONTEXT((#1161))
GLOBAL_UNIT_ASSIGNED_CONTEXT((#1160,#1159,#1155))
REPRESENTATION_CONTEXT('ID1','3D')
);
#1163=SHAPE_REPRESENTATION('Document',(#1164,#1212),#1162);
#1164=AXIS2_PLACEMENT_3D('',#1264,#1213,#1214);
#1165=AXIS2_PLACEMENT_3D('',#1265,#1215,$);
#1166=AXIS2_PLACEMENT_3D('',#1266,#1216,$);
#1167=AXIS2_PLACEMENT_3D('',#1267,#1217,$);
#1168=AXIS2_PLACEMENT_3D('',#1268,#1218,$);
#1169=AXIS2_PLACEMENT_3D('',#1269,#1219,$);
#1170=AXIS2_PLACEMENT_3D('',#1270,#1220,$);
#1171=AXIS2_PLACEMENT_3D('',#1271,#1221,$);
#1172=AXIS2_PLACEMENT_3D('',#1284,#1222,$);
#1173=AXIS2_PLACEMENT_3D('',#1297,#1223,$);
#1174=AXIS2_PLACEMENT_3D('',#1310,#1224,$);
#1175=AXIS2_PLACEMENT_3D('',#1323,#1225,$);
#1176=AXIS2_PLACEMENT_3D('',#1324,#1226,$);
#1177=AXIS2_PLACEMENT_3D('',#1337,#1227,$);
#1178=AXIS2_PLACEMENT_3D('',#1350,#1228,$);
#1179=AXIS2_PLACEMENT_3D('',#1363,#1229,$);
#1180=AXIS2_PLACEMENT_3D('',#1376,#1230,$);
#1181=AXIS2_PLACEMENT_3D('',#1419,#1231,$);
#1182=AXIS2_PLACEMENT_3D('',#1420,#1232,$);
#1183=AXIS2_PLACEMENT_3D('',#1421,#1233,$);
#1184=AXIS2_PLACEMENT_3D('',#1422,#1234,$);
#1185=AXIS2_PLACEMENT_3D('',#1423,#1235,$);
#1186=AXIS2_PLACEMENT_3D('',#1424,#1236,$);
#1187=AXIS2_PLACEMENT_3D('',#1425,#1237,$);
#1188=AXIS2_PLACEMENT_3D('',#1426,#1238,$);
#1189=AXIS2_PLACEMENT_3D('',#1451,#1239,$);
#1190=AXIS2_PLACEMENT_3D('',#1452,#1240,$);
#1191=AXIS2_PLACEMENT_3D('',#1453,#1241,$);
#1192=AXIS2_PLACEMENT_3D('',#1454,#1242,$);
#1193=AXIS2_PLACEMENT_3D('',#1455,#1243,$);
#1194=AXIS2_PLACEMENT_3D('',#1456,#1244,$);
#1195=AXIS2_PLACEMENT_3D('',#1457,#1245,$);
#1196=AXIS2_PLACEMENT_3D('',#1458,#1246,$);
#1197=AXIS2_PLACEMENT_3D('',#1459,#1247,$);
#1198=AXIS2_PLACEMENT_3D('',#1460,#1248,$);
#1199=AXIS2_PLACEMENT_3D('',#1461,#1249,$);
#1200=AXIS2_PLACEMENT_3D('',#1462,#1250,$);
#1201=AXIS2_PLACEMENT_3D('',#1463,#1251,$);
#1202=AXIS2_PLACEMENT_3D('',#1464,#1252,$);
#1203=AXIS2_PLACEMENT_3D('',#1465,#1253,$);
#1204=AXIS2_PLACEMENT_3D('',#1466,#1254,$);
#1205=AXIS2_PLACEMENT_3D('',#1467,#1255,$);
#1206=AXIS2_PLACEMENT_3D('',#1468,#1256,$);
#1207=AXIS2_PLACEMENT_3D('',#1469,#1257,$);
#1208=AXIS2_PLACEMENT_3D('',#1470,#1258,$);
#1209=AXIS2_PLACEMENT_3D('',#1471,#1259,$);
#1210=AXIS2_PLACEMENT_3D('',#1472,#1260,$);
#1211=AXIS2_PLACEMENT_3D('',#1473,#1261,$);
#1212=AXIS2_PLACEMENT_3D('',#2264,#1262,#1263);
#1213=DIRECTION('',(0.,0.,1.));
#1214=DIRECTION('',(1.,0.,0.));
#1215=DIRECTION('',(0.,-1.,0.));
#1216=DIRECTION('',(-0.73707411686381,0.,0.675811916326899));
#1217=DIRECTION('',(0.,1.,0.));
#1218=DIRECTION('',(0.,-1.,0.));
#1219=DIRECTION('',(0.73707411686381,1.63663331079491E-16,0.675811916326899));
#1220=DIRECTION('',(0.,1.,0.));
#1221=DIRECTION('',(1.,0.,0.));
#1222=DIRECTION('',(0.,1.,0.));
#1223=DIRECTION('',(-1.,0.,0.));
#1224=DIRECTION('',(0.,-1.,0.));
#1225=DIRECTION('',(1.,0.,0.));
#1226=DIRECTION('',(-1.,0.,0.));
#1227=DIRECTION('',(0.,-1.,0.));
#1228=DIRECTION('',(1.,0.,0.));
#1229=DIRECTION('',(0.,1.,0.));
#1230=DIRECTION('',(-1.,0.,0.));
#1231=DIRECTION('',(1.,0.,0.));
#1232=DIRECTION('',(-1.,0.,0.));
#1233=DIRECTION('',(0.,0.,-1.));
#1234=DIRECTION('',(1.49587618112254E-12,-1.49321164586406E-12,-1.));
#1235=DIRECTION('',(4.76246074440564E-12,4.75801985230879E-12,-1.));
#1236=DIRECTION('',(-4.92144943950859E-12,-4.91745263661996E-12,1.));
#1237=DIRECTION('',(-7.13742652699866E-12,7.1272124751679E-12,-1.));
#1238=DIRECTION('',(7.37997030785416E-15,6.9250926540617E-16,-1.));
#1239=DIRECTION('',(5.36185041453887E-15,1.32561062790909E-15,-1.));
#1240=DIRECTION('',(1.,0.,0.));
#1241=DIRECTION('',(0.,1.,0.));
#1242=DIRECTION('',(-1.,0.,0.));
#1243=DIRECTION('',(0.,1.,0.));
#1244=DIRECTION('',(0.,-1.,0.));
#1245=DIRECTION('',(2.50785119592059E-12,-2.50755513644621E-12,-1.));
#1246=DIRECTION('',(-1.80584328284233E-12,-1.80436298547643E-12,1.));
#1247=DIRECTION('',(-6.71079160946602E-13,6.66934328321384E-13,-1.));
#1248=DIRECTION('',(6.02367655584592E-13,6.16282450826421E-13,1.));
#1249=DIRECTION('',(0.,0.,1.));
#1250=DIRECTION('',(0.,0.,-1.));
#1251=DIRECTION('',(0.,0.,-1.));
#1252=DIRECTION('',(0.,0.,-1.));
#1253=DIRECTION('',(0.,0.,-1.));
#1254=DIRECTION('',(0.,-1.,0.));
#1255=DIRECTION('',(1.14522770351912E-13,-1.13686837721606E-13,-1.));
#1256=DIRECTION('',(-1.12850905091314E-13,-1.13686837721623E-13,-1.));
#1257=DIRECTION('',(0.,0.,1.));
#1258=DIRECTION('',(0.,0.,1.));
#1259=DIRECTION('',(0.,0.,1.));
#1260=DIRECTION('',(0.,0.,1.));
#1261=DIRECTION('',(1.,0.,0.));
#1262=DIRECTION('',(0.,0.,1.));
#1263=DIRECTION('',(1.,0.,0.));
#1264=CARTESIAN_POINT('',(0.,0.,0.));
#1265=CARTESIAN_POINT('',(-2.00000000000014,689.445836631234,10.3884519115578));
#1266=CARTESIAN_POINT('',(-13.9301579505413,689.445836631234,-1.60869565217365));
#1267=CARTESIAN_POINT('',(-2.93015795054126,694.91232050915,10.3884519115578));
#1268=CARTESIAN_POINT('',(13.71288841248,689.445836631234,10.3884519115578));
#1269=CARTESIAN_POINT('',(25.6430463630211,689.445836631234,-1.60869565217365));
#1270=CARTESIAN_POINT('',(14.6430463630211,694.91232050915,10.3884519115578));
#1271=CARTESIAN_POINT('',(-4.26538607858005,701.701885340263,-4.60869565217364));
#1272=CARTESIAN_POINT('',(-4.26538607858107,709.813270603524,-4.60869565217364));
#1273=CARTESIAN_POINT('',(-4.26538607858109,709.813270603524,-1.60869565217364));
#1274=CARTESIAN_POINT('',(-4.265386078581,711.013270603524,-4.60869565217364));
#1275=CARTESIAN_POINT('',(-4.26538607858102,711.013270603524,-1.60869565217364));
#1276=CARTESIAN_POINT('',(-4.26538607858093,712.213270603523,-4.60869565217364));
#1277=CARTESIAN_POINT('',(-4.26538607858095,712.213270603523,-1.60869565217364));
#1278=CARTESIAN_POINT('',(-4.8653860785809,712.813270603524,-4.60869565217364));
#1279=CARTESIAN_POINT('',(-4.86538607858091,712.813270603524,-1.60869565217364));
#1280=CARTESIAN_POINT('',(-6.06538607858087,712.813270603523,-4.60869565217364));
#1281=CARTESIAN_POINT('',(-6.06538607858089,712.813270603523,-1.60869565217364));
#1282=CARTESIAN_POINT('',(-7.26538607858073,712.813270603523,-4.60869565217365));
#1283=CARTESIAN_POINT('',(-7.26538607858075,712.813270603523,-1.60869565217365));
#1284=CARTESIAN_POINT('',(-7.26538607858073,712.813270603523,-4.60869565217365));
#1285=CARTESIAN_POINT('',(-10.9301579505407,712.813270603524,-4.60869565217367));
#1286=CARTESIAN_POINT('',(-10.9301579505407,712.813270603524,-1.60869565217367));
#1287=CARTESIAN_POINT('',(-12.1301579505408,712.813270603524,-4.60869565217367));
#1288=CARTESIAN_POINT('',(-12.1301579505408,712.813270603524,-1.60869565217367));
#1289=CARTESIAN_POINT('',(-13.3301579505408,712.813270603524,-4.60869565217368));
#1290=CARTESIAN_POINT('',(-13.3301579505409,712.813270603524,-1.60869565217368));
#1291=CARTESIAN_POINT('',(-13.9301579505409,712.213270603523,-4.60869565217368));
#1292=CARTESIAN_POINT('',(-13.930157950541,712.213270603523,-1.60869565217368));
#1293=CARTESIAN_POINT('',(-13.930157950541,711.013270603523,-4.60869565217368));
#1294=CARTESIAN_POINT('',(-13.930157950541,711.013270603523,-1.60869565217368));
#1295=CARTESIAN_POINT('',(-13.9301579505411,709.813270603524,-4.60869565217368));
#1296=CARTESIAN_POINT('',(-13.9301579505411,709.813270603524,-1.60869565217368));
#1297=CARTESIAN_POINT('',(-13.9301579505411,709.813270603524,-4.60869565217368));
#1298=CARTESIAN_POINT('',(-13.9301579505411,675.096198564067,-4.60869565217368));
#1299=CARTESIAN_POINT('',(-13.9301579505411,675.096198564067,-1.60869565217368));
#1300=CARTESIAN_POINT('',(-13.930157950541,673.896198564068,-4.60869565217368));
#1301=CARTESIAN_POINT('',(-13.930157950541,673.896198564068,-1.60869565217368));
#1302=CARTESIAN_POINT('',(-13.9301579505409,672.696198564068,-4.60869565217368));
#1303=CARTESIAN_POINT('',(-13.930157950541,672.696198564068,-1.60869565217368));
#1304=CARTESIAN_POINT('',(-13.3301579505408,672.096198564067,-4.60869565217368));
#1305=CARTESIAN_POINT('',(-13.3301579505409,672.096198564067,-1.60869565217368));
#1306=CARTESIAN_POINT('',(-12.1301579505408,672.096198564067,-4.60869565217367));
#1307=CARTESIAN_POINT('',(-12.1301579505408,672.096198564067,-1.60869565217367));
#1308=CARTESIAN_POINT('',(-10.9301579505407,672.096198564067,-4.60869565217367));
#1309=CARTESIAN_POINT('',(-10.9301579505407,672.096198564067,-1.60869565217367));
#1310=CARTESIAN_POINT('',(-10.9301579505407,672.096198564067,-4.60869565217367));
#1311=CARTESIAN_POINT('',(-7.26538607858073,672.096198564068,-4.60869565217365));
#1312=CARTESIAN_POINT('',(-7.26538607858075,672.096198564068,-1.60869565217365));
#1313=CARTESIAN_POINT('',(-6.06538607858087,672.096198564068,-4.60869565217364));
#1314=CARTESIAN_POINT('',(-6.06538607858089,672.096198564068,-1.60869565217364));
#1315=CARTESIAN_POINT('',(-4.8653860785809,672.096198564067,-4.60869565217364));
#1316=CARTESIAN_POINT('',(-4.86538607858091,672.096198564067,-1.60869565217364));
#1317=CARTESIAN_POINT('',(-4.26538607858093,672.696198564068,-4.60869565217364));
#1318=CARTESIAN_POINT('',(-4.26538607858094,672.696198564068,-1.60869565217364));
#1319=CARTESIAN_POINT('',(-4.265386078581,673.896198564067,-4.60869565217364));
#1320=CARTESIAN_POINT('',(-4.26538607858102,673.896198564067,-1.60869565217364));
#1321=CARTESIAN_POINT('',(-4.26538607858107,675.096198564067,-4.60869565217364));
#1322=CARTESIAN_POINT('',(-4.26538607858109,675.096198564067,-1.60869565217364));
#1323=CARTESIAN_POINT('',(-4.26538607858107,675.096198564067,-4.60869565217364));
#1324=CARTESIAN_POINT('',(15.97827449106,683.207583827328,-4.60869565217354));
#1325=CARTESIAN_POINT('',(15.97827449106,675.096198564067,-4.60869565217354));
#1326=CARTESIAN_POINT('',(15.97827449106,675.096198564067,-1.60869565217354));
#1327=CARTESIAN_POINT('',(15.9782744910599,673.896198564067,-4.60869565217354));
#1328=CARTESIAN_POINT('',(15.9782744910599,673.896198564067,-1.60869565217354));
#1329=CARTESIAN_POINT('',(15.9782744910598,672.696198564068,-4.60869565217354));
#1330=CARTESIAN_POINT('',(15.9782744910598,672.696198564068,-1.60869565217354));
#1331=CARTESIAN_POINT('',(16.5782744910597,672.096198564067,-4.60869565217354));
#1332=CARTESIAN_POINT('',(16.5782744910597,672.096198564067,-1.60869565217354));
#1333=CARTESIAN_POINT('',(17.7782744910596,672.096198564068,-4.60869565217353));
#1334=CARTESIAN_POINT('',(17.7782744910596,672.096198564068,-1.60869565217353));
#1335=CARTESIAN_POINT('',(18.9782744910595,672.096198564068,-4.60869565217353));
#1336=CARTESIAN_POINT('',(18.9782744910595,672.096198564068,-1.60869565217353));
#1337=CARTESIAN_POINT('',(18.9782744910595,672.096198564068,-4.60869565217353));
#1338=CARTESIAN_POINT('',(22.6430463630196,672.096198564067,-4.60869565217351));
#1339=CARTESIAN_POINT('',(22.6430463630196,672.096198564067,-1.60869565217351));
#1340=CARTESIAN_POINT('',(23.8430463630197,672.096198564067,-4.6086956521735));
#1341=CARTESIAN_POINT('',(23.8430463630197,672.096198564067,-1.6086956521735));
#1342=CARTESIAN_POINT('',(25.0430463630198,672.096198564067,-4.6086956521735));
#1343=CARTESIAN_POINT('',(25.0430463630198,672.096198564067,-1.6086956521735));
#1344=CARTESIAN_POINT('',(25.6430463630198,672.696198564068,-4.60869565217349));
#1345=CARTESIAN_POINT('',(25.6430463630198,672.696198564068,-1.60869565217349));
#1346=CARTESIAN_POINT('',(25.6430463630199,673.896198564068,-4.60869565217349));
#1347=CARTESIAN_POINT('',(25.6430463630198,673.896198564068,-1.60869565217349));
#1348=CARTESIAN_POINT('',(25.6430463630199,675.096198564067,-4.60869565217349));
#1349=CARTESIAN_POINT('',(25.6430463630199,675.096198564067,-1.60869565217349));
#1350=CARTESIAN_POINT('',(25.6430463630199,675.096198564067,-4.60869565217349));
#1351=CARTESIAN_POINT('',(25.6430463630199,709.813270603524,-4.60869565217349));
#1352=CARTESIAN_POINT('',(25.6430463630199,709.813270603524,-1.60869565217349));
#1353=CARTESIAN_POINT('',(25.6430463630199,711.013270603523,-4.60869565217349));
#1354=CARTESIAN_POINT('',(25.6430463630198,711.013270603523,-1.60869565217349));
#1355=CARTESIAN_POINT('',(25.6430463630198,712.213270603523,-4.60869565217349));
#1356=CARTESIAN_POINT('',(25.6430463630198,712.213270603523,-1.60869565217349));
#1357=CARTESIAN_POINT('',(25.0430463630198,712.813270603524,-4.6086956521735));
#1358=CARTESIAN_POINT('',(25.0430463630198,712.813270603524,-1.6086956521735));
#1359=CARTESIAN_POINT('',(23.8430463630197,712.813270603524,-4.6086956521735));
#1360=CARTESIAN_POINT('',(23.8430463630197,712.813270603524,-1.6086956521735));
#1361=CARTESIAN_POINT('',(22.6430463630196,712.813270603524,-4.60869565217351));
#1362=CARTESIAN_POINT('',(22.6430463630196,712.813270603524,-1.60869565217351));
#1363=CARTESIAN_POINT('',(22.6430463630196,712.813270603524,-4.60869565217351));
#1364=CARTESIAN_POINT('',(18.9782744910595,712.813270603523,-4.60869565217353));
#1365=CARTESIAN_POINT('',(18.9782744910595,712.813270603523,-1.60869565217353));
#1366=CARTESIAN_POINT('',(17.7782744910596,712.813270603523,-4.60869565217353));
#1367=CARTESIAN_POINT('',(17.7782744910596,712.813270603523,-1.60869565217353));
#1368=CARTESIAN_POINT('',(16.5782744910597,712.813270603524,-4.60869565217354));
#1369=CARTESIAN_POINT('',(16.5782744910597,712.813270603524,-1.60869565217354));
#1370=CARTESIAN_POINT('',(15.9782744910598,712.213270603523,-4.60869565217354));
#1371=CARTESIAN_POINT('',(15.9782744910598,712.213270603523,-1.60869565217354));
#1372=CARTESIAN_POINT('',(15.9782744910599,711.013270603524,-4.60869565217354));
#1373=CARTESIAN_POINT('',(15.9782744910599,711.013270603524,-1.60869565217354));
#1374=CARTESIAN_POINT('',(15.97827449106,709.813270603524,-4.60869565217354));
#1375=CARTESIAN_POINT('',(15.97827449106,709.813270603524,-1.60869565217354));
#1376=CARTESIAN_POINT('',(15.97827449106,709.813270603524,-4.60869565217354));
#1377=CARTESIAN_POINT('',(2.60644420623996,687.686749243015,7.38845191155951));
#1378=CARTESIAN_POINT('',(2.60644420623996,687.686749243015,10.3884519115595));
#1379=CARTESIAN_POINT('',(2.20644420623999,687.686749243015,7.38845191155951));
#1380=CARTESIAN_POINT('',(2.20644420623999,687.686749243015,10.3884519115595));
#1381=CARTESIAN_POINT('',(1.8064442062399,687.686749243015,7.38845191155951));
#1382=CARTESIAN_POINT('',(1.8064442062399,687.686749243015,10.3884519115595));
#1383=CARTESIAN_POINT('',(1.60644420623996,687.886749243016,7.38845191155951));
#1384=CARTESIAN_POINT('',(1.60644420623996,687.886749243016,10.3884519115595));
#1385=CARTESIAN_POINT('',(1.60644420623996,688.286749243015,7.38845191155951));
#1386=CARTESIAN_POINT('',(1.60644420623996,688.286749243015,10.3884519115595));
#1387=CARTESIAN_POINT('',(1.60644420623996,688.686749243015,7.38845191155951));
#1388=CARTESIAN_POINT('',(1.60644420623996,688.686749243015,10.3884519115595));
#1389=CARTESIAN_POINT('',(10.10644420624,688.686749243015,7.3884519115594));
#1390=CARTESIAN_POINT('',(10.10644420624,688.686749243015,10.3884519115594));
#1391=CARTESIAN_POINT('',(10.10644420624,688.286749243015,7.3884519115594));
#1392=CARTESIAN_POINT('',(10.10644420624,688.286749243015,10.3884519115594));
#1393=CARTESIAN_POINT('',(10.10644420624,687.886749243016,7.3884519115594));
#1394=CARTESIAN_POINT('',(10.10644420624,687.886749243016,10.3884519115594));
#1395=CARTESIAN_POINT('',(9.90644420623992,687.686749243015,7.3884519115594));
#1396=CARTESIAN_POINT('',(9.90644420623992,687.686749243015,10.3884519115594));
#1397=CARTESIAN_POINT('',(9.50644420624096,687.686749243015,7.3884519115594));
#1398=CARTESIAN_POINT('',(9.50644420624096,687.686749243015,10.3884519115594));
#1399=CARTESIAN_POINT('',(9.10644420623996,687.686749243015,7.3884519115594));
#1400=CARTESIAN_POINT('',(9.10644420623996,687.686749243015,10.3884519115594));
#1401=CARTESIAN_POINT('',(4.45644420623987,683.704734583796,5.38845191155792));
#1402=CARTESIAN_POINT('',(3.95644420623999,683.204734583795,5.38845191155792));
#1403=CARTESIAN_POINT('',(4.45644420624,683.704734583795,6.78845191155783));
#1404=CARTESIAN_POINT('',(3.95644420623987,683.204734583795,7.288451911558));
#1405=CARTESIAN_POINT('',(5.85644420623996,683.704734583796,6.78845191155801));
#1406=CARTESIAN_POINT('',(5.85644420623996,683.204734583795,7.28845191155813));
#1407=CARTESIAN_POINT('',(7.25644420624005,683.704734583795,6.78845191155799));
#1408=CARTESIAN_POINT('',(7.75644420623994,683.204734583795,7.28845191155816));
#1409=CARTESIAN_POINT('',(7.25644420623994,683.704734583796,5.38845191155815));
#1410=CARTESIAN_POINT('',(7.75644420623994,683.204734583795,5.38845191155815));
#1411=CARTESIAN_POINT('',(7.25644420624005,683.704734583795,3.9884519115581));
#1412=CARTESIAN_POINT('',(7.75644420623994,683.204734583795,3.48845191155794));
#1413=CARTESIAN_POINT('',(5.85644420623996,683.704734583796,3.98845191155806));
#1414=CARTESIAN_POINT('',(5.85644420623996,683.204734583795,3.48845191155783));
#1415=CARTESIAN_POINT('',(4.45644420624,683.704734583795,3.98845191155794));
#1416=CARTESIAN_POINT('',(3.95644420623987,683.204734583795,3.48845191155778));
#1417=CARTESIAN_POINT('',(4.45644420623987,683.704734583796,5.38845191155792));
#1418=CARTESIAN_POINT('',(3.95644420623999,683.204734583795,5.38845191155792));
#1419=CARTESIAN_POINT('',(13.71288841248,683.204734583795,-4.60869884490967));
#1420=CARTESIAN_POINT('',(-2.00000000000002,701.704734583795,10.3884519115579));
#1421=CARTESIAN_POINT('',(-17.8874783818972,668.024491360121,-4.60869565217359));
#1422=CARTESIAN_POINT('',(-3.26538607858009,682.207583827328,-3.10869565217214));
#1423=CARTESIAN_POINT('',(14.9782744910605,682.207583827328,-3.1086956521783));
#1424=CARTESIAN_POINT('',(-3.26538607858004,702.701885340263,-3.10869565216871));
#1425=CARTESIAN_POINT('',(14.9782744910595,702.701885340263,-3.10869565216641));
#1426=CARTESIAN_POINT('',(5.85644420623959,695.436749243015,-8.60869565217357));
#1427=CARTESIAN_POINT('',(10.10644420624,688.686749243015,8.39130434782647));
#1428=CARTESIAN_POINT('',(10.1064442062404,688.286749243015,8.39130434782647));
#1429=CARTESIAN_POINT('',(10.1064442062405,687.886749243015,8.39130434782647));
#1430=CARTESIAN_POINT('',(9.90644420624013,687.686749243015,8.39130434782647));
#1431=CARTESIAN_POINT('',(9.50644420623981,687.686749243015,8.39130434782646));
#1432=CARTESIAN_POINT('',(9.10644420623996,687.686749243015,8.39130434782646));
#1433=CARTESIAN_POINT('',(10.1064442062402,688.686749243015,-25.6086956521735));
#1434=CARTESIAN_POINT('',(10.1064442062406,688.286749243015,-25.6086956521735));
#1435=CARTESIAN_POINT('',(10.1064442062407,687.886749243015,-25.6086956521735));
#1436=CARTESIAN_POINT('',(9.90644420624037,687.686749243015,-25.6086956521735));
#1437=CARTESIAN_POINT('',(9.50644420624005,687.686749243015,-25.6086956521735));
#1438=CARTESIAN_POINT('',(9.10644420624019,687.686749243015,-25.6086956521735));
#1439=CARTESIAN_POINT('',(2.60644420623996,687.686749243015,8.39130434782641));
#1440=CARTESIAN_POINT('',(2.20644420623982,687.686749243015,8.39130434782641));
#1441=CARTESIAN_POINT('',(1.80644420623999,687.686749243015,8.39130434782641));
#1442=CARTESIAN_POINT('',(1.60644420623985,687.886749243016,8.39130434782641));
#1443=CARTESIAN_POINT('',(1.60644420623996,688.286749243016,8.39130434782641));
#1444=CARTESIAN_POINT('',(1.60644420623996,688.686749243015,8.39130434782641));
#1445=CARTESIAN_POINT('',(2.6064442062402,687.686749243015,-25.6086956521736));
#1446=CARTESIAN_POINT('',(2.20644420624005,687.686749243015,-25.6086956521736));
#1447=CARTESIAN_POINT('',(1.80644420624022,687.686749243015,-25.6086956521736));
#1448=CARTESIAN_POINT('',(1.60644420624009,687.886749243016,-25.6086956521736));
#1449=CARTESIAN_POINT('',(1.6064442062402,688.286749243016,-25.6086956521736));
#1450=CARTESIAN_POINT('',(1.6064442062402,688.686749243015,-25.6086956521736));
#1451=CARTESIAN_POINT('',(5.85644420624052,695.436749243015,-8.60869565217357));
#1452=CARTESIAN_POINT('',(1.60644420623997,696.111749243015,-4.90869565217358));
#1453=CARTESIAN_POINT('',(1.95644420623996,687.686749243015,10.5881666679329));
#1454=CARTESIAN_POINT('',(10.10644420624,696.111749243015,11.5881666679327));
#1455=CARTESIAN_POINT('',(15.0848199414182,701.701885340263,-4.60869565217364));
#1456=CARTESIAN_POINT('',(-3.35433105050507,683.207583827328,-6.10841040854688));
#1457=CARTESIAN_POINT('',(1.00000000000066,698.701885340262,4.38987812969968));
#1458=CARTESIAN_POINT('',(10.71288841248,698.701885340263,4.38987812968665));
#1459=CARTESIAN_POINT('',(10.71288841248,686.207583827328,4.38987812969406));
#1460=CARTESIAN_POINT('',(1.00000000000037,686.207583827328,4.38987812969037));
#1461=CARTESIAN_POINT('',(-3.57128884124802,681.358153676035,10.3884519115578));
#1462=CARTESIAN_POINT('',(-9.14355579376003,707.454734583795,-4.61154808844052));
#1463=CARTESIAN_POINT('',(20.85644420624,707.454734583795,-3.11154808844052));
#1464=CARTESIAN_POINT('',(20.85644420624,677.454734583795,-5.11154808844052));
#1465=CARTESIAN_POINT('',(-9.14355579376003,677.454734583795,-3.11154808844052));
#1466=CARTESIAN_POINT('',(5.85644420623996,685.695741913405,5.38845191155804));
#1467=CARTESIAN_POINT('',(5.85644420624089,695.436749243015,8.88845191155988));
#1468=CARTESIAN_POINT('',(5.85644420624101,695.436749243015,8.88845191155994));
#1469=CARTESIAN_POINT('',(-14.0794595300466,671.689027843672,-1.60869565217366));
#1470=CARTESIAN_POINT('',(10.5635868329745,713.220441323919,-1.60869565217351));
#1471=CARTESIAN_POINT('',(10.5635868329745,713.220441323919,-1.60869565217351));
#1472=CARTESIAN_POINT('',(-14.0794595300466,671.689027843672,-1.60869565217366));
#1473=CARTESIAN_POINT('',(13.71288841248,683.204734583795,-4.60869884490967));
#1474=CARTESIAN_POINT('',(-2.00000000000014,689.445836631234,-1.60869565217365));
#1475=CARTESIAN_POINT('',(-2.00000000000014,689.445836631234,10.3884519115578));
#1476=CARTESIAN_POINT('',(-2.00000000000014,694.91232050915,-1.60869565217365));
#1477=CARTESIAN_POINT('',(-2.00000000000014,694.91232050915,10.3884519115578));
#1478=CARTESIAN_POINT('',(-13.9301579505413,689.445836631234,-1.60869565217365));
#1479=CARTESIAN_POINT('',(-2.93015795054126,689.445836631234,10.3884519115578));
#1480=CARTESIAN_POINT('',(-13.9301579505413,694.91232050915,-1.60869565217365));
#1481=CARTESIAN_POINT('',(-2.93015795054126,694.91232050915,10.3884519115578));
#1482=CARTESIAN_POINT('',(13.71288841248,689.445836631234,-1.60869565217365));
#1483=CARTESIAN_POINT('',(13.71288841248,689.445836631234,10.3884519115578));
#1484=CARTESIAN_POINT('',(13.71288841248,694.91232050915,-1.60869565217365));
#1485=CARTESIAN_POINT('',(13.71288841248,694.91232050915,10.3884519115578));
#1486=CARTESIAN_POINT('',(25.6430463630211,689.445836631234,-1.60869565217365));
#1487=CARTESIAN_POINT('',(14.6430463630211,689.445836631234,10.3884519115578));
#1488=CARTESIAN_POINT('',(25.6430463630211,694.91232050915,-1.60869565217365));
#1489=CARTESIAN_POINT('',(14.6430463630211,694.91232050915,10.3884519115578));
#1490=CARTESIAN_POINT('',(-4.26538607858107,709.813270603524,-4.60869565217364));
#1491=CARTESIAN_POINT('',(-4.26538607858109,709.813270603524,-1.60869565217364));
#1492=CARTESIAN_POINT('',(-7.26538607858073,712.813270603523,-4.60869565217365));
#1493=CARTESIAN_POINT('',(-7.26538607858075,712.813270603523,-1.60869565217365));
#1494=CARTESIAN_POINT('',(-10.9301579505407,712.813270603524,-4.60869565217367));
#1495=CARTESIAN_POINT('',(-10.9301579505407,712.813270603524,-1.60869565217367));
#1496=CARTESIAN_POINT('',(-13.9301579505411,709.813270603524,-4.60869565217368));
#1497=CARTESIAN_POINT('',(-13.9301579505411,709.813270603524,-1.60869565217368));
#1498=CARTESIAN_POINT('',(-13.9301579505411,675.096198564067,-4.60869565217368));
#1499=CARTESIAN_POINT('',(-13.9301579505411,675.096198564067,-1.60869565217368));
#1500=CARTESIAN_POINT('',(-10.9301579505407,672.096198564067,-4.60869565217367));
#1501=CARTESIAN_POINT('',(-10.9301579505407,672.096198564067,-1.60869565217367));
#1502=CARTESIAN_POINT('',(-7.26538607858073,672.096198564068,-4.60869565217365));
#1503=CARTESIAN_POINT('',(-7.26538607858075,672.096198564068,-1.60869565217365));
#1504=CARTESIAN_POINT('',(-4.26538607858107,675.096198564067,-4.60869565217364));
#1505=CARTESIAN_POINT('',(-4.26538607858109,675.096198564067,-1.60869565217364));
#1506=CARTESIAN_POINT('',(15.97827449106,675.096198564067,-4.60869565217354));
#1507=CARTESIAN_POINT('',(15.97827449106,675.096198564067,-1.60869565217354));
#1508=CARTESIAN_POINT('',(18.9782744910595,672.096198564068,-4.60869565217353));
#1509=CARTESIAN_POINT('',(18.9782744910595,672.096198564068,-1.60869565217353));
#1510=CARTESIAN_POINT('',(22.6430463630196,672.096198564067,-4.60869565217351));
#1511=CARTESIAN_POINT('',(22.6430463630196,672.096198564067,-1.60869565217351));
#1512=CARTESIAN_POINT('',(25.6430463630199,675.096198564067,-4.60869565217349));
#1513=CARTESIAN_POINT('',(25.6430463630199,675.096198564067,-1.60869565217349));
#1514=CARTESIAN_POINT('',(25.6430463630199,709.813270603524,-4.60869565217349));
#1515=CARTESIAN_POINT('',(25.6430463630199,709.813270603524,-1.60869565217349));
#1516=CARTESIAN_POINT('',(22.6430463630196,712.813270603524,-4.60869565217351));
#1517=CARTESIAN_POINT('',(22.6430463630196,712.813270603524,-1.60869565217351));
#1518=CARTESIAN_POINT('',(18.9782744910595,712.813270603523,-4.60869565217353));
#1519=CARTESIAN_POINT('',(18.9782744910595,712.813270603523,-1.60869565217353));
#1520=CARTESIAN_POINT('',(15.97827449106,709.813270603524,-4.60869565217354));
#1521=CARTESIAN_POINT('',(15.97827449106,709.813270603524,-1.60869565217354));
#1522=CARTESIAN_POINT('',(1.60644420623996,695.436749243015,7.38845191155951));
#1523=CARTESIAN_POINT('',(5.85644420623996,699.686749243015,7.38845191155951));
#1524=CARTESIAN_POINT('',(2.60644420623996,687.686749243015,7.38845191155951));
#1525=CARTESIAN_POINT('',(1.60644420623996,688.686749243015,7.38845191155951));
#1526=CARTESIAN_POINT('',(10.10644420624,695.436749243015,7.3884519115594));
#1527=CARTESIAN_POINT('',(9.10644420623996,687.686749243015,7.3884519115594));
#1528=CARTESIAN_POINT('',(10.10644420624,688.686749243015,7.3884519115594));
#1529=CARTESIAN_POINT('',(5.85644420623996,699.686749243015,10.3884519115595));
#1530=CARTESIAN_POINT('',(1.60644420623996,695.436749243015,10.3884519115595));
#1531=CARTESIAN_POINT('',(1.60644420623996,688.686749243015,10.3884519115595));
#1532=CARTESIAN_POINT('',(2.60644420623996,687.686749243015,10.3884519115595));
#1533=CARTESIAN_POINT('',(9.10644420623996,687.686749243015,10.3884519115594));
#1534=CARTESIAN_POINT('',(10.10644420624,688.686749243015,10.3884519115594));
#1535=CARTESIAN_POINT('',(10.10644420624,695.436749243015,10.3884519115594));
#1536=CARTESIAN_POINT('',(4.45644420623999,687.686749243015,5.38845191155792));
#1537=CARTESIAN_POINT('',(4.45644420623999,683.704734583795,5.38845191155792));
#1538=CARTESIAN_POINT('',(-4.26538607858018,682.207583827328,-4.60869565217364));
#1539=CARTESIAN_POINT('',(-4.26538607858019,682.207583827329,-1.60869565217364));
#1540=CARTESIAN_POINT('',(-3.26538607858013,683.207583827328,-4.60869565217364));
#1541=CARTESIAN_POINT('',(-3.26538607858011,683.207583827328,-1.60869565217363));
#1542=CARTESIAN_POINT('',(15.97827449106,682.207583827328,-4.60869565217354));
#1543=CARTESIAN_POINT('',(15.97827449106,682.207583827329,-1.60869565217354));
#1544=CARTESIAN_POINT('',(-4.26538607858018,702.701885340263,-4.60869565217364));
#1545=CARTESIAN_POINT('',(-4.26538607858019,702.701885340262,-1.60869565217363));
#1546=CARTESIAN_POINT('',(-3.26538607858012,701.701885340263,-4.60869565217363));
#1547=CARTESIAN_POINT('',(-3.26538607858011,701.701885340263,-1.60869565217363));
#1548=CARTESIAN_POINT('',(15.97827449106,702.701885340263,-4.60869565217354));
#1549=CARTESIAN_POINT('',(15.97827449106,702.701885340263,-1.60869565217354));
#1550=CARTESIAN_POINT('',(14.9782744910599,701.701885340263,-4.60869565217354));
#1551=CARTESIAN_POINT('',(14.97827449106,701.701885340263,-1.60869565217354));
#1552=CARTESIAN_POINT('',(5.85644420624005,699.686749243015,-4.60869565217359));
#1553=CARTESIAN_POINT('',(10.1064442062401,695.436749243015,-4.60869565217359));
#1554=CARTESIAN_POINT('',(10.1064442062401,688.686749243015,-4.60869565217359));
#1555=CARTESIAN_POINT('',(9.10644420624005,687.686749243015,-4.60869565217359));
#1556=CARTESIAN_POINT('',(2.60644420624005,687.686749243015,-4.60869565217359));
#1557=CARTESIAN_POINT('',(1.60644420624005,688.686749243015,-4.60869565217359));
#1558=CARTESIAN_POINT('',(1.60644420624005,695.436749243015,-4.60869565217359));
#1559=CARTESIAN_POINT('',(3.95929344977287,683.207583827328,5.38845191155792));
#1560=CARTESIAN_POINT('',(14.9999948746199,683.207347911969,-1.60869565217344));
#1561=CARTESIAN_POINT('',(15.,683.207583827328,-4.60869565217344));
#1562=CARTESIAN_POINT('',(-2.00000000000002,698.701885340262,10.3884519115579));
#1563=CARTESIAN_POINT('',(-2.00000000000002,698.701885340262,-1.60869565217362));
#1564=CARTESIAN_POINT('',(0.99999999999998,701.701885340263,10.3884519115579));
#1565=CARTESIAN_POINT('',(0.999999999999981,701.701885340263,-1.60869565217362));
#1566=CARTESIAN_POINT('',(13.71288841248,698.701885340263,-1.60869565217357));
#1567=CARTESIAN_POINT('',(10.7128884124799,701.701885340263,10.3884519115577));
#1568=CARTESIAN_POINT('',(13.7128884124799,698.701885340263,10.3884519115577));
#1569=CARTESIAN_POINT('',(10.7128884124799,701.701885340263,-1.60869565217357));
#1570=CARTESIAN_POINT('',(13.7128884124799,686.207583827328,-1.60869565217358));
#1571=CARTESIAN_POINT('',(13.7128884124799,686.207583827328,10.3884519115577));
#1572=CARTESIAN_POINT('',(10.7128884124799,683.207583827328,10.3884519115577));
#1573=CARTESIAN_POINT('',(10.71288841248,683.207583827328,-1.60869565217357));
#1574=CARTESIAN_POINT('',(-2.00000000000002,686.207583827328,-1.60869565217362));
#1575=CARTESIAN_POINT('',(0.999999999999975,683.207583827328,10.388451911558));
#1576=CARTESIAN_POINT('',(-2.00000000000002,686.207583827328,10.388451911558));
#1577=CARTESIAN_POINT('',(0.999999999999976,683.207583827328,-1.6086956521736));
#1578=CARTESIAN_POINT('',(-7.64355579376004,707.454734583795,-4.60869565217359));
#1579=CARTESIAN_POINT('',(-7.64355579376004,707.454734583795,-1.60869565217366));
#1580=CARTESIAN_POINT('',(22.35644420624,707.454734583795,-4.60869565217359));
#1581=CARTESIAN_POINT('',(22.35644420624,707.454734583795,-1.60869565217351));
#1582=CARTESIAN_POINT('',(22.35644420624,677.454734583795,-4.60869565217359));
#1583=CARTESIAN_POINT('',(22.35644420624,677.454734583795,-1.60869565217351));
#1584=CARTESIAN_POINT('',(-7.64355579376003,677.454734583795,-4.60869565217359));
#1585=CARTESIAN_POINT('',(-7.64355579376004,677.454734583795,-1.60869565217366));
#1586=CARTESIAN_POINT('',(-2.00000000000014,689.445836631234,-1.60869565217365));
#1587=CARTESIAN_POINT('',(-2.00000000000014,689.445836631234,10.3884519115578));
#1588=CARTESIAN_POINT('',(-2.00000000000014,694.91232050915,-1.60869565217365));
#1589=CARTESIAN_POINT('',(-2.00000000000014,694.91232050915,10.3884519115578));
#1590=CARTESIAN_POINT('',(-2.00000000000014,689.445836631234,-1.60869565217365));
#1591=CARTESIAN_POINT('',(-13.9301579505413,689.445836631234,-1.60869565217365));
#1592=CARTESIAN_POINT('',(-13.9301579505413,689.445836631234,-1.60869565217365));
#1593=CARTESIAN_POINT('',(-2.93015795054126,689.445836631234,10.3884519115578));
#1594=CARTESIAN_POINT('',(-2.00000000000014,689.445836631234,10.3884519115578));
#1595=CARTESIAN_POINT('',(-2.93015795054126,689.445836631234,10.3884519115578));
#1596=CARTESIAN_POINT('',(-13.9301579505413,694.91232050915,-1.60869565217365));
#1597=CARTESIAN_POINT('',(-13.9301579505413,689.445836631234,-1.60869565217365));
#1598=CARTESIAN_POINT('',(-13.9301579505413,694.91232050915,-1.60869565217365));
#1599=CARTESIAN_POINT('',(-2.93015795054126,694.91232050915,10.3884519115578));
#1600=CARTESIAN_POINT('',(-2.93015795054126,689.445836631234,10.3884519115578));
#1601=CARTESIAN_POINT('',(-2.93015795054126,694.91232050915,10.3884519115578));
#1602=CARTESIAN_POINT('',(-13.9301579505413,694.91232050915,-1.60869565217365));
#1603=CARTESIAN_POINT('',(-2.00000000000014,694.91232050915,-1.60869565217365));
#1604=CARTESIAN_POINT('',(-2.93015795054126,694.91232050915,10.3884519115578));
#1605=CARTESIAN_POINT('',(-2.00000000000014,694.91232050915,10.3884519115578));
#1606=CARTESIAN_POINT('',(13.71288841248,689.445836631234,-1.60869565217365));
#1607=CARTESIAN_POINT('',(13.71288841248,689.445836631234,10.3884519115578));
#1608=CARTESIAN_POINT('',(13.71288841248,694.91232050915,10.3884519115578));
#1609=CARTESIAN_POINT('',(13.71288841248,694.91232050915,-1.60869565217365));
#1610=CARTESIAN_POINT('',(13.71288841248,689.445836631234,-1.60869565217365));
#1611=CARTESIAN_POINT('',(25.6430463630211,689.445836631234,-1.60869565217365));
#1612=CARTESIAN_POINT('',(25.6430463630211,689.445836631234,-1.60869565217365));
#1613=CARTESIAN_POINT('',(14.6430463630211,689.445836631234,10.3884519115578));
#1614=CARTESIAN_POINT('',(13.71288841248,689.445836631234,10.3884519115578));
#1615=CARTESIAN_POINT('',(14.6430463630211,689.445836631234,10.3884519115578));
#1616=CARTESIAN_POINT('',(25.6430463630211,689.445836631234,-1.60869565217365));
#1617=CARTESIAN_POINT('',(25.6430463630211,694.91232050915,-1.60869565217365));
#1618=CARTESIAN_POINT('',(25.6430463630211,694.91232050915,-1.60869565217365));
#1619=CARTESIAN_POINT('',(14.6430463630211,694.91232050915,10.3884519115578));
#1620=CARTESIAN_POINT('',(14.6430463630211,689.445836631234,10.3884519115578));
#1621=CARTESIAN_POINT('',(14.6430463630211,694.91232050915,10.3884519115578));
#1622=CARTESIAN_POINT('',(25.6430463630211,694.91232050915,-1.60869565217365));
#1623=CARTESIAN_POINT('',(13.71288841248,694.91232050915,-1.60869565217365));
#1624=CARTESIAN_POINT('',(14.6430463630211,694.91232050915,10.3884519115578));
#1625=CARTESIAN_POINT('',(13.71288841248,694.91232050915,10.3884519115578));
#1626=CARTESIAN_POINT('',(-4.26538607858107,709.813270603524,-4.60869565217364));
#1627=CARTESIAN_POINT('',(-4.26538607858109,709.813270603524,-1.60869565217364));
#1628=CARTESIAN_POINT('',(-4.26538607858107,709.813270603524,-4.60869565217364));
#1629=CARTESIAN_POINT('',(-4.265386078581,711.013270603524,-4.60869565217364));
#1630=CARTESIAN_POINT('',(-4.26538607858093,712.213270603523,-4.60869565217364));
#1631=CARTESIAN_POINT('',(-4.8653860785809,712.813270603524,-4.60869565217364));
#1632=CARTESIAN_POINT('',(-6.06538607858087,712.813270603523,-4.60869565217364));
#1633=CARTESIAN_POINT('',(-7.26538607858073,712.813270603523,-4.60869565217365));
#1634=CARTESIAN_POINT('',(-7.26538607858073,712.813270603523,-4.60869565217365));
#1635=CARTESIAN_POINT('',(-7.26538607858075,712.813270603523,-1.60869565217365));
#1636=CARTESIAN_POINT('',(-4.26538607858109,709.813270603524,-1.60869565217364));
#1637=CARTESIAN_POINT('',(-4.26538607858102,711.013270603524,-1.60869565217364));
#1638=CARTESIAN_POINT('',(-4.26538607858095,712.213270603523,-1.60869565217364));
#1639=CARTESIAN_POINT('',(-4.86538607858091,712.813270603524,-1.60869565217364));
#1640=CARTESIAN_POINT('',(-6.06538607858089,712.813270603523,-1.60869565217364));
#1641=CARTESIAN_POINT('',(-7.26538607858075,712.813270603523,-1.60869565217365));
#1642=CARTESIAN_POINT('',(-7.26538607858073,712.813270603523,-4.60869565217365));
#1643=CARTESIAN_POINT('',(-7.99834045297272,712.813270603523,-4.60869565217365));
#1644=CARTESIAN_POINT('',(-8.73129482736471,712.813270603523,-4.60869565217366));
#1645=CARTESIAN_POINT('',(-9.4642492017567,712.813270603524,-4.60869565217366));
#1646=CARTESIAN_POINT('',(-10.1972035761487,712.813270603524,-4.60869565217366));
#1647=CARTESIAN_POINT('',(-10.9301579505407,712.813270603524,-4.60869565217367));
#1648=CARTESIAN_POINT('',(-10.9301579505407,712.813270603524,-4.60869565217367));
#1649=CARTESIAN_POINT('',(-10.9301579505407,712.813270603524,-1.60869565217367));
#1650=CARTESIAN_POINT('',(-7.26538607858075,712.813270603523,-1.60869565217365));
#1651=CARTESIAN_POINT('',(-7.99834045297274,712.813270603523,-1.60869565217365));
#1652=CARTESIAN_POINT('',(-8.73129482736472,712.813270603523,-1.60869565217366));
#1653=CARTESIAN_POINT('',(-9.46424920175672,712.813270603524,-1.60869565217366));
#1654=CARTESIAN_POINT('',(-10.1972035761487,712.813270603524,-1.60869565217366));
#1655=CARTESIAN_POINT('',(-10.9301579505407,712.813270603524,-1.60869565217367));
#1656=CARTESIAN_POINT('',(-10.9301579505407,712.813270603524,-4.60869565217367));
#1657=CARTESIAN_POINT('',(-12.1301579505408,712.813270603524,-4.60869565217367));
#1658=CARTESIAN_POINT('',(-13.3301579505408,712.813270603524,-4.60869565217368));
#1659=CARTESIAN_POINT('',(-13.9301579505409,712.213270603523,-4.60869565217368));
#1660=CARTESIAN_POINT('',(-13.930157950541,711.013270603523,-4.60869565217368));
#1661=CARTESIAN_POINT('',(-13.9301579505411,709.813270603524,-4.60869565217368));
#1662=CARTESIAN_POINT('',(-13.9301579505411,709.813270603524,-4.60869565217368));
#1663=CARTESIAN_POINT('',(-13.9301579505411,709.813270603524,-1.60869565217368));
#1664=CARTESIAN_POINT('',(-10.9301579505407,712.813270603524,-1.60869565217367));
#1665=CARTESIAN_POINT('',(-12.1301579505408,712.813270603524,-1.60869565217367));
#1666=CARTESIAN_POINT('',(-13.3301579505409,712.813270603524,-1.60869565217368));
#1667=CARTESIAN_POINT('',(-13.930157950541,712.213270603523,-1.60869565217368));
#1668=CARTESIAN_POINT('',(-13.930157950541,711.013270603523,-1.60869565217368));
#1669=CARTESIAN_POINT('',(-13.9301579505411,709.813270603524,-1.60869565217368));
#1670=CARTESIAN_POINT('',(-13.9301579505411,709.813270603524,-4.60869565217368));
#1671=CARTESIAN_POINT('',(-13.9301579505411,702.869856195633,-4.60869565217368));
#1672=CARTESIAN_POINT('',(-13.9301579505411,695.926441787741,-4.60869565217368));
#1673=CARTESIAN_POINT('',(-13.9301579505411,688.98302737985,-4.60869565217368));
#1674=CARTESIAN_POINT('',(-13.9301579505411,682.039612971958,-4.60869565217368));
#1675=CARTESIAN_POINT('',(-13.9301579505411,675.096198564067,-4.60869565217368));
#1676=CARTESIAN_POINT('',(-13.9301579505411,675.096198564067,-4.60869565217368));
#1677=CARTESIAN_POINT('',(-13.9301579505411,675.096198564067,-1.60869565217368));
#1678=CARTESIAN_POINT('',(-13.9301579505411,675.096198564067,-4.60869565217368));
#1679=CARTESIAN_POINT('',(-13.930157950541,673.896198564068,-4.60869565217368));
#1680=CARTESIAN_POINT('',(-13.9301579505409,672.696198564068,-4.60869565217368));
#1681=CARTESIAN_POINT('',(-13.3301579505408,672.096198564067,-4.60869565217368));
#1682=CARTESIAN_POINT('',(-12.1301579505408,672.096198564067,-4.60869565217367));
#1683=CARTESIAN_POINT('',(-10.9301579505407,672.096198564067,-4.60869565217367));
#1684=CARTESIAN_POINT('',(-10.9301579505407,672.096198564067,-4.60869565217367));
#1685=CARTESIAN_POINT('',(-10.9301579505407,672.096198564067,-1.60869565217367));
#1686=CARTESIAN_POINT('',(-13.9301579505411,675.096198564067,-1.60869565217368));
#1687=CARTESIAN_POINT('',(-13.930157950541,673.896198564068,-1.60869565217368));
#1688=CARTESIAN_POINT('',(-13.930157950541,672.696198564068,-1.60869565217368));
#1689=CARTESIAN_POINT('',(-13.3301579505409,672.096198564067,-1.60869565217368));
#1690=CARTESIAN_POINT('',(-12.1301579505408,672.096198564067,-1.60869565217367));
#1691=CARTESIAN_POINT('',(-10.9301579505407,672.096198564067,-1.60869565217367));
#1692=CARTESIAN_POINT('',(-10.9301579505407,672.096198564067,-4.60869565217367));
#1693=CARTESIAN_POINT('',(-10.1972035761487,672.096198564067,-4.60869565217366));
#1694=CARTESIAN_POINT('',(-9.4642492017567,672.096198564067,-4.60869565217366));
#1695=CARTESIAN_POINT('',(-8.73129482736471,672.096198564068,-4.60869565217366));
#1696=CARTESIAN_POINT('',(-7.99834045297272,672.096198564068,-4.60869565217365));
#1697=CARTESIAN_POINT('',(-7.26538607858073,672.096198564068,-4.60869565217365));
#1698=CARTESIAN_POINT('',(-7.26538607858073,672.096198564068,-4.60869565217365));
#1699=CARTESIAN_POINT('',(-7.26538607858075,672.096198564068,-1.60869565217365));
#1700=CARTESIAN_POINT('',(-10.9301579505407,672.096198564067,-1.60869565217367));
#1701=CARTESIAN_POINT('',(-10.1972035761487,672.096198564067,-1.60869565217366));
#1702=CARTESIAN_POINT('',(-9.46424920175671,672.096198564067,-1.60869565217366));
#1703=CARTESIAN_POINT('',(-8.73129482736472,672.096198564068,-1.60869565217366));
#1704=CARTESIAN_POINT('',(-7.99834045297274,672.096198564068,-1.60869565217365));
#1705=CARTESIAN_POINT('',(-7.26538607858075,672.096198564068,-1.60869565217365));
#1706=CARTESIAN_POINT('',(-7.26538607858073,672.096198564068,-4.60869565217365));
#1707=CARTESIAN_POINT('',(-6.06538607858087,672.096198564068,-4.60869565217364));
#1708=CARTESIAN_POINT('',(-4.8653860785809,672.096198564067,-4.60869565217364));
#1709=CARTESIAN_POINT('',(-4.26538607858093,672.696198564068,-4.60869565217364));
#1710=CARTESIAN_POINT('',(-4.265386078581,673.896198564067,-4.60869565217364));
#1711=CARTESIAN_POINT('',(-4.26538607858107,675.096198564067,-4.60869565217364));
#1712=CARTESIAN_POINT('',(-4.26538607858107,675.096198564067,-4.60869565217364));
#1713=CARTESIAN_POINT('',(-4.26538607858109,675.096198564067,-1.60869565217364));
#1714=CARTESIAN_POINT('',(-7.26538607858075,672.096198564068,-1.60869565217365));
#1715=CARTESIAN_POINT('',(-6.06538607858089,672.096198564068,-1.60869565217364));
#1716=CARTESIAN_POINT('',(-4.86538607858091,672.096198564067,-1.60869565217364));
#1717=CARTESIAN_POINT('',(-4.26538607858094,672.696198564068,-1.60869565217364));
#1718=CARTESIAN_POINT('',(-4.26538607858102,673.896198564067,-1.60869565217364));
#1719=CARTESIAN_POINT('',(-4.26538607858109,675.096198564067,-1.60869565217364));
#1720=CARTESIAN_POINT('',(-4.26538607858107,675.096198564067,-4.60869565217364));
#1721=CARTESIAN_POINT('',(-4.26538607858089,676.51847561672,-4.60869565217364));
#1722=CARTESIAN_POINT('',(-4.26538607858071,677.940752669372,-4.60869565217364));
#1723=CARTESIAN_POINT('',(-4.26538607858053,679.363029722024,-4.60869565217364));
#1724=CARTESIAN_POINT('',(-4.26538607858036,680.785306774676,-4.60869565217364));
#1725=CARTESIAN_POINT('',(-4.26538607858018,682.207583827328,-4.60869565217364));
#1726=CARTESIAN_POINT('',(-4.26538607858109,675.096198564067,-1.60869565217364));
#1727=CARTESIAN_POINT('',(-4.26538607858091,676.51847561672,-1.60869565217364));
#1728=CARTESIAN_POINT('',(-4.26538607858073,677.940752669372,-1.60869565217364));
#1729=CARTESIAN_POINT('',(-4.26538607858055,679.363029722024,-1.60869565217364));
#1730=CARTESIAN_POINT('',(-4.26538607858037,680.785306774676,-1.60869565217364));
#1731=CARTESIAN_POINT('',(-4.26538607858019,682.207583827329,-1.60869565217364));
#1732=CARTESIAN_POINT('',(15.97827449106,675.096198564067,-4.60869565217354));
#1733=CARTESIAN_POINT('',(15.97827449106,675.096198564067,-1.60869565217354));
#1734=CARTESIAN_POINT('',(15.97827449106,675.096198564067,-4.60869565217354));
#1735=CARTESIAN_POINT('',(15.9782744910599,673.896198564067,-4.60869565217354));
#1736=CARTESIAN_POINT('',(15.9782744910598,672.696198564068,-4.60869565217354));
#1737=CARTESIAN_POINT('',(16.5782744910597,672.096198564067,-4.60869565217354));
#1738=CARTESIAN_POINT('',(17.7782744910596,672.096198564068,-4.60869565217353));
#1739=CARTESIAN_POINT('',(18.9782744910595,672.096198564068,-4.60869565217353));
#1740=CARTESIAN_POINT('',(18.9782744910595,672.096198564068,-4.60869565217353));
#1741=CARTESIAN_POINT('',(18.9782744910595,672.096198564068,-1.60869565217353));
#1742=CARTESIAN_POINT('',(15.97827449106,675.096198564067,-1.60869565217354));
#1743=CARTESIAN_POINT('',(15.9782744910599,673.896198564067,-1.60869565217354));
#1744=CARTESIAN_POINT('',(15.9782744910598,672.696198564068,-1.60869565217354));
#1745=CARTESIAN_POINT('',(16.5782744910597,672.096198564067,-1.60869565217354));
#1746=CARTESIAN_POINT('',(17.7782744910596,672.096198564068,-1.60869565217353));
#1747=CARTESIAN_POINT('',(18.9782744910595,672.096198564068,-1.60869565217353));
#1748=CARTESIAN_POINT('',(18.9782744910595,672.096198564068,-4.60869565217353));
#1749=CARTESIAN_POINT('',(19.7112288654515,672.096198564068,-4.60869565217352));
#1750=CARTESIAN_POINT('',(20.4441832398436,672.096198564067,-4.60869565217352));
#1751=CARTESIAN_POINT('',(21.1771376142356,672.096198564067,-4.60869565217352));
#1752=CARTESIAN_POINT('',(21.9100919886276,672.096198564067,-4.60869565217351));
#1753=CARTESIAN_POINT('',(22.6430463630196,672.096198564067,-4.60869565217351));
#1754=CARTESIAN_POINT('',(22.6430463630196,672.096198564067,-4.60869565217351));
#1755=CARTESIAN_POINT('',(22.6430463630196,672.096198564067,-1.60869565217351));
#1756=CARTESIAN_POINT('',(18.9782744910595,672.096198564068,-1.60869565217353));
#1757=CARTESIAN_POINT('',(19.7112288654515,672.096198564068,-1.60869565217352));
#1758=CARTESIAN_POINT('',(20.4441832398435,672.096198564067,-1.60869565217352));
#1759=CARTESIAN_POINT('',(21.1771376142356,672.096198564067,-1.60869565217352));
#1760=CARTESIAN_POINT('',(21.9100919886276,672.096198564067,-1.60869565217351));
#1761=CARTESIAN_POINT('',(22.6430463630196,672.096198564067,-1.60869565217351));
#1762=CARTESIAN_POINT('',(22.6430463630196,672.096198564067,-4.60869565217351));
#1763=CARTESIAN_POINT('',(23.8430463630197,672.096198564067,-4.6086956521735));
#1764=CARTESIAN_POINT('',(25.0430463630198,672.096198564067,-4.6086956521735));
#1765=CARTESIAN_POINT('',(25.6430463630198,672.696198564068,-4.60869565217349));
#1766=CARTESIAN_POINT('',(25.6430463630199,673.896198564068,-4.60869565217349));
#1767=CARTESIAN_POINT('',(25.6430463630199,675.096198564067,-4.60869565217349));
#1768=CARTESIAN_POINT('',(25.6430463630199,675.096198564067,-4.60869565217349));
#1769=CARTESIAN_POINT('',(25.6430463630199,675.096198564067,-1.60869565217349));
#1770=CARTESIAN_POINT('',(22.6430463630196,672.096198564067,-1.60869565217351));
#1771=CARTESIAN_POINT('',(23.8430463630197,672.096198564067,-1.6086956521735));
#1772=CARTESIAN_POINT('',(25.0430463630198,672.096198564067,-1.6086956521735));
#1773=CARTESIAN_POINT('',(25.6430463630198,672.696198564068,-1.60869565217349));
#1774=CARTESIAN_POINT('',(25.6430463630198,673.896198564068,-1.60869565217349));
#1775=CARTESIAN_POINT('',(25.6430463630199,675.096198564067,-1.60869565217349));
#1776=CARTESIAN_POINT('',(25.6430463630199,675.096198564067,-4.60869565217349));
#1777=CARTESIAN_POINT('',(25.6430463630199,682.039612971958,-4.60869565217349));
#1778=CARTESIAN_POINT('',(25.6430463630199,688.98302737985,-4.60869565217349));
#1779=CARTESIAN_POINT('',(25.6430463630199,695.926441787741,-4.60869565217349));
#1780=CARTESIAN_POINT('',(25.6430463630199,702.869856195633,-4.60869565217349));
#1781=CARTESIAN_POINT('',(25.6430463630199,709.813270603524,-4.60869565217349));
#1782=CARTESIAN_POINT('',(25.6430463630199,709.813270603524,-4.60869565217349));
#1783=CARTESIAN_POINT('',(25.6430463630199,709.813270603524,-1.60869565217349));
#1784=CARTESIAN_POINT('',(25.6430463630199,675.096198564067,-1.60869565217349));
#1785=CARTESIAN_POINT('',(25.6430463630202,677.9661261775,-1.60869565217352));
#1786=CARTESIAN_POINT('',(25.6430463630204,680.836053790934,-1.60869565217356));
#1787=CARTESIAN_POINT('',(25.6430463630206,683.705981404367,-1.60869565217359));
#1788=CARTESIAN_POINT('',(25.6430463630208,686.575909017801,-1.60869565217362));
#1789=CARTESIAN_POINT('',(25.6430463630211,689.445836631234,-1.60869565217365));
#1790=CARTESIAN_POINT('',(25.6430463630199,709.813270603524,-4.60869565217349));
#1791=CARTESIAN_POINT('',(25.6430463630199,711.013270603523,-4.60869565217349));
#1792=CARTESIAN_POINT('',(25.6430463630198,712.213270603523,-4.60869565217349));
#1793=CARTESIAN_POINT('',(25.0430463630198,712.813270603524,-4.6086956521735));
#1794=CARTESIAN_POINT('',(23.8430463630197,712.813270603524,-4.6086956521735));
#1795=CARTESIAN_POINT('',(22.6430463630196,712.813270603524,-4.60869565217351));
#1796=CARTESIAN_POINT('',(22.6430463630196,712.813270603524,-4.60869565217351));
#1797=CARTESIAN_POINT('',(22.6430463630196,712.813270603524,-1.60869565217351));
#1798=CARTESIAN_POINT('',(25.6430463630199,709.813270603524,-1.60869565217349));
#1799=CARTESIAN_POINT('',(25.6430463630198,711.013270603523,-1.60869565217349));
#1800=CARTESIAN_POINT('',(25.6430463630198,712.213270603523,-1.60869565217349));
#1801=CARTESIAN_POINT('',(25.0430463630198,712.813270603524,-1.6086956521735));
#1802=CARTESIAN_POINT('',(23.8430463630197,712.813270603524,-1.6086956521735));
#1803=CARTESIAN_POINT('',(22.6430463630196,712.813270603524,-1.60869565217351));
#1804=CARTESIAN_POINT('',(22.6430463630196,712.813270603524,-4.60869565217351));
#1805=CARTESIAN_POINT('',(21.9100919886276,712.813270603524,-4.60869565217351));
#1806=CARTESIAN_POINT('',(21.1771376142356,712.813270603524,-4.60869565217352));
#1807=CARTESIAN_POINT('',(20.4441832398436,712.813270603524,-4.60869565217352));
#1808=CARTESIAN_POINT('',(19.7112288654515,712.813270603523,-4.60869565217352));
#1809=CARTESIAN_POINT('',(18.9782744910595,712.813270603523,-4.60869565217353));
#1810=CARTESIAN_POINT('',(18.9782744910595,712.813270603523,-4.60869565217353));
#1811=CARTESIAN_POINT('',(18.9782744910595,712.813270603523,-1.60869565217353));
#1812=CARTESIAN_POINT('',(22.6430463630196,712.813270603524,-1.60869565217351));
#1813=CARTESIAN_POINT('',(21.9100919886276,712.813270603524,-1.60869565217351));
#1814=CARTESIAN_POINT('',(21.1771376142356,712.813270603524,-1.60869565217352));
#1815=CARTESIAN_POINT('',(20.4441832398435,712.813270603524,-1.60869565217352));
#1816=CARTESIAN_POINT('',(19.7112288654515,712.813270603524,-1.60869565217352));
#1817=CARTESIAN_POINT('',(18.9782744910595,712.813270603523,-1.60869565217353));
#1818=CARTESIAN_POINT('',(18.9782744910595,712.813270603523,-4.60869565217353));
#1819=CARTESIAN_POINT('',(17.7782744910596,712.813270603523,-4.60869565217353));
#1820=CARTESIAN_POINT('',(16.5782744910597,712.813270603524,-4.60869565217354));
#1821=CARTESIAN_POINT('',(15.9782744910598,712.213270603523,-4.60869565217354));
#1822=CARTESIAN_POINT('',(15.9782744910599,711.013270603524,-4.60869565217354));
#1823=CARTESIAN_POINT('',(15.97827449106,709.813270603524,-4.60869565217354));
#1824=CARTESIAN_POINT('',(15.97827449106,709.813270603524,-4.60869565217354));
#1825=CARTESIAN_POINT('',(15.97827449106,709.813270603524,-1.60869565217354));
#1826=CARTESIAN_POINT('',(18.9782744910595,712.813270603523,-1.60869565217353));
#1827=CARTESIAN_POINT('',(17.7782744910596,712.813270603523,-1.60869565217353));
#1828=CARTESIAN_POINT('',(16.5782744910597,712.813270603524,-1.60869565217354));
#1829=CARTESIAN_POINT('',(15.9782744910598,712.213270603523,-1.60869565217354));
#1830=CARTESIAN_POINT('',(15.9782744910599,711.013270603524,-1.60869565217354));
#1831=CARTESIAN_POINT('',(15.97827449106,709.813270603524,-1.60869565217354));
#1832=CARTESIAN_POINT('',(15.97827449106,709.813270603524,-4.60869565217354));
#1833=CARTESIAN_POINT('',(15.97827449106,708.390993550871,-4.60869565217354));
#1834=CARTESIAN_POINT('',(15.97827449106,706.968716498219,-4.60869565217354));
#1835=CARTESIAN_POINT('',(15.97827449106,705.546439445567,-4.60869565217354));
#1836=CARTESIAN_POINT('',(15.97827449106,704.124162392915,-4.60869565217354));
#1837=CARTESIAN_POINT('',(15.97827449106,702.701885340263,-4.60869565217354));
#1838=CARTESIAN_POINT('',(15.97827449106,709.813270603524,-1.60869565217354));
#1839=CARTESIAN_POINT('',(15.97827449106,708.390993550871,-1.60869565217354));
#1840=CARTESIAN_POINT('',(15.97827449106,706.968716498219,-1.60869565217354));
#1841=CARTESIAN_POINT('',(15.97827449106,705.546439445567,-1.60869565217354));
#1842=CARTESIAN_POINT('',(15.97827449106,704.124162392915,-1.60869565217354));
#1843=CARTESIAN_POINT('',(15.97827449106,702.701885340263,-1.60869565217354));
#1844=CARTESIAN_POINT('',(1.60644420623996,688.686749243015,10.3884519115595));
#1845=CARTESIAN_POINT('',(1.60644420623996,688.286749243015,10.3884519115595));
#1846=CARTESIAN_POINT('',(1.60644420623996,687.886749243016,10.3884519115595));
#1847=CARTESIAN_POINT('',(1.8064442062399,687.686749243015,10.3884519115595));
#1848=CARTESIAN_POINT('',(2.20644420623999,687.686749243015,10.3884519115595));
#1849=CARTESIAN_POINT('',(2.60644420623996,687.686749243015,10.3884519115595));
#1850=CARTESIAN_POINT('',(9.10644420623996,687.686749243015,10.3884519115594));
#1851=CARTESIAN_POINT('',(9.50644420624096,687.686749243015,10.3884519115594));
#1852=CARTESIAN_POINT('',(9.90644420623992,687.686749243015,10.3884519115594));
#1853=CARTESIAN_POINT('',(10.10644420624,687.886749243016,10.3884519115594));
#1854=CARTESIAN_POINT('',(10.10644420624,688.286749243015,10.3884519115594));
#1855=CARTESIAN_POINT('',(10.10644420624,688.686749243015,10.3884519115594));
#1856=CARTESIAN_POINT('',(5.85644420623996,699.686749243015,7.38845191155951));
#1857=CARTESIAN_POINT('',(10.1064442062401,699.686749243016,7.38845191155894));
#1858=CARTESIAN_POINT('',(10.10644420624,695.436749243015,7.3884519115594));
#1859=CARTESIAN_POINT('',(9.10644420623996,687.686749243015,7.3884519115594));
#1860=CARTESIAN_POINT('',(9.50644420624096,687.686749243015,7.3884519115594));
#1861=CARTESIAN_POINT('',(9.90644420623992,687.686749243015,7.3884519115594));
#1862=CARTESIAN_POINT('',(10.10644420624,687.886749243016,7.3884519115594));
#1863=CARTESIAN_POINT('',(10.10644420624,688.286749243015,7.3884519115594));
#1864=CARTESIAN_POINT('',(10.10644420624,688.686749243015,7.3884519115594));
#1865=CARTESIAN_POINT('',(1.60644420623996,695.436749243015,10.3884519115595));
#1866=CARTESIAN_POINT('',(1.6064442062399,699.686749243015,10.388451911559));
#1867=CARTESIAN_POINT('',(5.85644420623996,699.686749243015,10.3884519115595));
#1868=CARTESIAN_POINT('',(1.60644420623996,695.436749243015,7.38845191155951));
#1869=CARTESIAN_POINT('',(1.60644420624,699.686749243015,7.38845191155895));
#1870=CARTESIAN_POINT('',(5.85644420623996,699.686749243015,7.38845191155951));
#1871=CARTESIAN_POINT('',(1.60644420623996,688.686749243015,7.38845191155951));
#1872=CARTESIAN_POINT('',(1.60644420623996,688.286749243015,7.38845191155951));
#1873=CARTESIAN_POINT('',(1.60644420623996,687.886749243016,7.38845191155951));
#1874=CARTESIAN_POINT('',(1.8064442062399,687.686749243015,7.38845191155951));
#1875=CARTESIAN_POINT('',(2.20644420623999,687.686749243015,7.38845191155951));
#1876=CARTESIAN_POINT('',(2.60644420623996,687.686749243015,7.38845191155951));
#1877=CARTESIAN_POINT('',(5.85644420623996,699.686749243015,10.3884519115595));
#1878=CARTESIAN_POINT('',(10.1064442062401,699.686749243016,10.3884519115589));
#1879=CARTESIAN_POINT('',(10.10644420624,695.436749243015,10.3884519115594));
#1880=CARTESIAN_POINT('',(10.10644420624,695.436749243015,10.3884519115594));
#1881=CARTESIAN_POINT('',(10.10644420624,688.686749243015,10.3884519115594));
#1882=CARTESIAN_POINT('',(9.10644420623996,687.686749243015,10.3884519115594));
#1883=CARTESIAN_POINT('',(2.60644420623996,687.686749243015,10.3884519115595));
#1884=CARTESIAN_POINT('',(1.60644420623996,688.686749243015,10.3884519115595));
#1885=CARTESIAN_POINT('',(1.60644420623996,695.436749243015,10.3884519115595));
#1886=CARTESIAN_POINT('',(4.45644420623999,683.704734583795,5.38845191155792));
#1887=CARTESIAN_POINT('',(4.45644420624,683.704734583795,6.78845191155783));
#1888=CARTESIAN_POINT('',(5.85644420623996,683.704734583795,6.78845191155801));
#1889=CARTESIAN_POINT('',(7.25644420623997,683.704734583795,6.78845191155816));
#1890=CARTESIAN_POINT('',(7.25644420623994,683.704734583795,5.38845191155815));
#1891=CARTESIAN_POINT('',(7.25644420623997,683.704734583795,3.9884519115581));
#1892=CARTESIAN_POINT('',(5.85644420623996,683.704734583795,3.98845191155806));
#1893=CARTESIAN_POINT('',(4.45644420624,683.704734583795,3.98845191155794));
#1894=CARTESIAN_POINT('',(4.45644420623999,683.704734583795,5.38845191155792));
#1895=CARTESIAN_POINT('',(4.45644420623999,687.686749243015,5.38845191155792));
#1896=CARTESIAN_POINT('',(4.45644420624,687.686749243015,3.98845191155794));
#1897=CARTESIAN_POINT('',(5.85644420623996,687.686749243015,3.98845191155794));
#1898=CARTESIAN_POINT('',(7.25644420623997,687.686749243015,3.98845191155794));
#1899=CARTESIAN_POINT('',(7.25644420623994,687.686749243015,5.38845191155792));
#1900=CARTESIAN_POINT('',(7.25644420623997,687.686749243015,6.78845191155783));
#1901=CARTESIAN_POINT('',(5.85644420623996,687.686749243015,6.7884519115579));
#1902=CARTESIAN_POINT('',(4.45644420624,687.686749243015,6.78845191155783));
#1903=CARTESIAN_POINT('',(4.45644420623999,687.686749243015,5.38845191155792));
#1904=CARTESIAN_POINT('',(4.45644420623999,687.686749243015,5.38845191155792));
#1905=CARTESIAN_POINT('',(4.45644420623999,683.704734583795,5.38845191155792));
#1906=CARTESIAN_POINT('',(4.45644420623999,683.704734583795,5.38845191155792));
#1907=CARTESIAN_POINT('',(3.95929344977287,683.207583827328,5.38845191155792));
#1908=CARTESIAN_POINT('',(25.6430463630211,694.91232050915,-1.60869565217365));
#1909=CARTESIAN_POINT('',(25.6430463630208,697.892510528025,-1.60869565217362));
#1910=CARTESIAN_POINT('',(25.6430463630206,700.8727005469,-1.60869565217359));
#1911=CARTESIAN_POINT('',(25.6430463630204,703.852890565774,-1.60869565217356));
#1912=CARTESIAN_POINT('',(25.6430463630202,706.833080584649,-1.60869565217352));
#1913=CARTESIAN_POINT('',(25.6430463630199,709.813270603524,-1.60869565217349));
#1914=CARTESIAN_POINT('',(13.71288841248,694.91232050915,-1.60869565217365));
#1915=CARTESIAN_POINT('',(13.71288841248,698.701885340263,-1.60869565217357));
#1916=CARTESIAN_POINT('',(-4.26538607858018,682.207583827328,-4.60869565217364));
#1917=CARTESIAN_POINT('',(-4.26538607858019,682.207583827329,-1.60869565217364));
#1918=CARTESIAN_POINT('',(-3.26538607858013,683.207583827328,-4.60869565217364));
#1919=CARTESIAN_POINT('',(-3.26538607858011,683.207583827328,-1.60869565217363));
#1920=CARTESIAN_POINT('',(-4.26538607858018,682.207583827328,-4.60869565217364));
#1921=CARTESIAN_POINT('',(-4.26538607857991,683.207583827328,-4.60869565217513));
#1922=CARTESIAN_POINT('',(-3.26538607858013,683.207583827328,-4.60869565217364));
#1923=CARTESIAN_POINT('',(15.97827449106,682.207583827328,-4.60869565217354));
#1924=CARTESIAN_POINT('',(15.97827449106,680.785306774676,-4.60869565217354));
#1925=CARTESIAN_POINT('',(15.97827449106,679.363029722024,-4.60869565217354));
#1926=CARTESIAN_POINT('',(15.97827449106,677.940752669372,-4.60869565217354));
#1927=CARTESIAN_POINT('',(15.97827449106,676.51847561672,-4.60869565217354));
#1928=CARTESIAN_POINT('',(15.97827449106,675.096198564067,-4.60869565217354));
#1929=CARTESIAN_POINT('',(15.97827449106,682.207583827329,-1.60869565217354));
#1930=CARTESIAN_POINT('',(15.97827449106,680.785306774676,-1.60869565217354));
#1931=CARTESIAN_POINT('',(15.97827449106,679.363029722024,-1.60869565217354));
#1932=CARTESIAN_POINT('',(15.97827449106,677.940752669372,-1.60869565217354));
#1933=CARTESIAN_POINT('',(15.97827449106,676.51847561672,-1.60869565217354));
#1934=CARTESIAN_POINT('',(15.97827449106,675.096198564067,-1.60869565217354));
#1935=CARTESIAN_POINT('',(15.97827449106,682.207583827328,-4.60869565217354));
#1936=CARTESIAN_POINT('',(15.97827449106,682.207583827329,-1.60869565217354));
#1937=CARTESIAN_POINT('',(-4.26538607858018,702.701885340263,-4.60869565217364));
#1938=CARTESIAN_POINT('',(-4.26538607858036,704.124162392915,-4.60869565217364));
#1939=CARTESIAN_POINT('',(-4.26538607858054,705.546439445567,-4.60869565217364));
#1940=CARTESIAN_POINT('',(-4.26538607858072,706.968716498219,-4.60869565217364));
#1941=CARTESIAN_POINT('',(-4.2653860785809,708.390993550871,-4.60869565217364));
#1942=CARTESIAN_POINT('',(-4.26538607858107,709.813270603524,-4.60869565217364));
#1943=CARTESIAN_POINT('',(-4.26538607858019,702.701885340262,-1.60869565217363));
#1944=CARTESIAN_POINT('',(-4.26538607858037,704.124162392914,-1.60869565217363));
#1945=CARTESIAN_POINT('',(-4.26538607858055,705.546439445567,-1.60869565217363));
#1946=CARTESIAN_POINT('',(-4.26538607858073,706.968716498219,-1.60869565217364));
#1947=CARTESIAN_POINT('',(-4.26538607858091,708.390993550871,-1.60869565217364));
#1948=CARTESIAN_POINT('',(-4.26538607858109,709.813270603524,-1.60869565217364));
#1949=CARTESIAN_POINT('',(-4.26538607858019,702.701885340262,-1.60869565217363));
#1950=CARTESIAN_POINT('',(-4.26538607858018,702.701885340263,-4.60869565217364));
#1951=CARTESIAN_POINT('',(-3.26538607858011,701.701885340263,-1.60869565217363));
#1952=CARTESIAN_POINT('',(-3.26538607858012,701.701885340263,-4.60869565217363));
#1953=CARTESIAN_POINT('',(-3.26538607858012,701.701885340263,-4.60869565217363));
#1954=CARTESIAN_POINT('',(-4.2653860785802,701.701885340263,-4.60869565217853));
#1955=CARTESIAN_POINT('',(-4.26538607858018,702.701885340263,-4.60869565217364));
#1956=CARTESIAN_POINT('',(15.97827449106,702.701885340263,-4.60869565217354));
#1957=CARTESIAN_POINT('',(15.97827449106,702.701885340263,-1.60869565217354));
#1958=CARTESIAN_POINT('',(14.9782744910599,701.701885340263,-4.60869565217354));
#1959=CARTESIAN_POINT('',(14.97827449106,701.701885340263,-1.60869565217354));
#1960=CARTESIAN_POINT('',(15.97827449106,702.701885340263,-4.60869565217354));
#1961=CARTESIAN_POINT('',(15.9782744910602,701.701885340263,-4.60869565218064));
#1962=CARTESIAN_POINT('',(14.9782744910599,701.701885340263,-4.60869565217354));
#1963=CARTESIAN_POINT('',(5.85644420624005,699.686749243015,-4.60869565217359));
#1964=CARTESIAN_POINT('',(10.1064442062396,699.686749243015,-4.60869565217357));
#1965=CARTESIAN_POINT('',(10.1064442062401,695.436749243015,-4.60869565217359));
#1966=CARTESIAN_POINT('',(10.1064442062401,695.436749243015,-4.60869565217359));
#1967=CARTESIAN_POINT('',(10.1064442062401,694.086749243015,-4.60869565217359));
#1968=CARTESIAN_POINT('',(10.1064442062401,692.736749243015,-4.60869565217359));
#1969=CARTESIAN_POINT('',(10.1064442062401,691.386749243015,-4.60869565217359));
#1970=CARTESIAN_POINT('',(10.1064442062401,690.036749243015,-4.60869565217359));
#1971=CARTESIAN_POINT('',(10.1064442062401,688.686749243015,-4.60869565217359));
#1972=CARTESIAN_POINT('',(10.1064442062401,688.686749243015,-4.60869565217359));
#1973=CARTESIAN_POINT('',(10.1064442062405,688.286749243015,-4.60869565217358));
#1974=CARTESIAN_POINT('',(10.1064442062406,687.886749243015,-4.60869565217358));
#1975=CARTESIAN_POINT('',(9.90644420624022,687.686749243015,-4.60869565217358));
#1976=CARTESIAN_POINT('',(9.5064442062399,687.686749243015,-4.60869565217359));
#1977=CARTESIAN_POINT('',(9.10644420624005,687.686749243015,-4.60869565217359));
#1978=CARTESIAN_POINT('',(9.10644420624005,687.686749243015,-4.60869565217359));
#1979=CARTESIAN_POINT('',(7.80644420624005,687.686749243015,-4.60869565217357));
#1980=CARTESIAN_POINT('',(6.50644420624005,687.686749243015,-4.60869565217358));
#1981=CARTESIAN_POINT('',(5.20644420624005,687.686749243015,-4.60869565217359));
#1982=CARTESIAN_POINT('',(3.90644420624005,687.686749243015,-4.6086956521736));
#1983=CARTESIAN_POINT('',(2.60644420624005,687.686749243015,-4.60869565217359));
#1984=CARTESIAN_POINT('',(2.60644420624005,687.686749243015,-4.60869565217359));
#1985=CARTESIAN_POINT('',(2.20644420623991,687.686749243015,-4.60869565217359));
#1986=CARTESIAN_POINT('',(1.80644420624008,687.686749243015,-4.60869565217359));
#1987=CARTESIAN_POINT('',(1.60644420623994,687.886749243016,-4.60869565217359));
#1988=CARTESIAN_POINT('',(1.60644420624005,688.286749243016,-4.60869565217359));
#1989=CARTESIAN_POINT('',(1.60644420624005,688.686749243015,-4.60869565217359));
#1990=CARTESIAN_POINT('',(1.60644420624005,688.686749243015,-4.60869565217359));
#1991=CARTESIAN_POINT('',(1.60644420624005,690.036749243015,-4.60869565217359));
#1992=CARTESIAN_POINT('',(1.60644420624005,691.386749243015,-4.60869565217359));
#1993=CARTESIAN_POINT('',(1.60644420624005,692.736749243015,-4.60869565217359));
#1994=CARTESIAN_POINT('',(1.60644420624005,694.086749243015,-4.60869565217359));
#1995=CARTESIAN_POINT('',(1.60644420624005,695.436749243015,-4.60869565217359));
#1996=CARTESIAN_POINT('',(1.60644420624005,695.436749243015,-4.60869565217359));
#1997=CARTESIAN_POINT('',(1.60644420624051,699.686749243015,-4.6086956521736));
#1998=CARTESIAN_POINT('',(5.85644420624005,699.686749243015,-4.60869565217359));
#1999=CARTESIAN_POINT('',(1.60644420623996,695.436749243015,10.3884519115595));
#2000=CARTESIAN_POINT('',(1.60644420623996,695.436749243015,8.39130434782641));
#2001=CARTESIAN_POINT('',(1.60644420623996,695.436749243015,7.38845191155951));
#2002=CARTESIAN_POINT('',(1.60644420623996,688.686749243015,10.3884519115595));
#2003=CARTESIAN_POINT('',(1.60644420623996,688.686749243015,8.39130434782641));
#2004=CARTESIAN_POINT('',(1.60644420623996,688.686749243015,7.38845191155951));
#2005=CARTESIAN_POINT('',(10.10644420624,688.686749243015,10.3884519115594));
#2006=CARTESIAN_POINT('',(10.10644420624,688.686749243015,8.39130434782647));
#2007=CARTESIAN_POINT('',(10.10644420624,688.686749243015,7.3884519115594));
#2008=CARTESIAN_POINT('',(10.10644420624,695.436749243015,10.3884519115594));
#2009=CARTESIAN_POINT('',(10.10644420624,695.436749243015,8.39130434782647));
#2010=CARTESIAN_POINT('',(10.10644420624,695.436749243015,7.3884519115594));
#2011=CARTESIAN_POINT('',(5.85644420623996,699.686749243015,10.3884519115595));
#2012=CARTESIAN_POINT('',(5.85644420623996,699.686749243015,8.39130434782644));
#2013=CARTESIAN_POINT('',(5.85644420623996,699.686749243015,7.38845191155951));
#2014=CARTESIAN_POINT('',(5.85644420623996,699.686749243015,7.38845191155951));
#2015=CARTESIAN_POINT('',(5.85644420623996,699.686749243015,-1.60869565217359));
#2016=CARTESIAN_POINT('',(5.85644420624005,699.686749243015,-4.60869565217359));
#2017=CARTESIAN_POINT('',(9.10644420623996,687.686749243015,7.3884519115594));
#2018=CARTESIAN_POINT('',(9.10644420623996,687.686749243015,-1.60869565217357));
#2019=CARTESIAN_POINT('',(9.10644420624005,687.686749243015,-4.60869565217359));
#2020=CARTESIAN_POINT('',(2.60644420623996,687.686749243015,7.38845191155951));
#2021=CARTESIAN_POINT('',(2.60644420623996,687.686749243015,-1.6086956521736));
#2022=CARTESIAN_POINT('',(2.60644420624005,687.686749243015,-4.60869565217359));
#2023=CARTESIAN_POINT('',(1.60644420623996,688.686749243015,7.38845191155951));
#2024=CARTESIAN_POINT('',(1.60644420624005,688.686749243015,-4.60869565217359));
#2025=CARTESIAN_POINT('',(1.60644420623996,695.436749243015,7.38845191155951));
#2026=CARTESIAN_POINT('',(1.60644420624005,695.436749243015,-4.60869565217359));
#2027=CARTESIAN_POINT('',(2.60644420623996,687.686749243015,10.3884519115595));
#2028=CARTESIAN_POINT('',(2.60644420623996,687.686749243015,7.38845191155951));
#2029=CARTESIAN_POINT('',(9.10644420623996,687.686749243015,7.3884519115594));
#2030=CARTESIAN_POINT('',(9.10644420623996,687.686749243015,10.3884519115594));
#2031=CARTESIAN_POINT('',(10.10644420624,695.436749243015,7.3884519115594));
#2032=CARTESIAN_POINT('',(10.1064442062401,695.436749243015,-4.60869565217359));
#2033=CARTESIAN_POINT('',(10.10644420624,688.686749243015,7.3884519115594));
#2034=CARTESIAN_POINT('',(10.1064442062401,688.686749243015,-4.60869565217359));
#2035=CARTESIAN_POINT('',(14.9782744910599,701.701885340263,-4.60869565217354));
#2036=CARTESIAN_POINT('',(-3.26538607858012,701.701885340263,-4.60869565217363));
#2037=CARTESIAN_POINT('',(3.95929344977281,683.207583827328,5.38845191155792));
#2038=CARTESIAN_POINT('',(3.9592934497727,683.207583827328,3.4913011550906));
#2039=CARTESIAN_POINT('',(5.85644420623996,683.207583827328,3.49130115509066));
#2040=CARTESIAN_POINT('',(7.75359496270711,683.207583827328,3.49130115509076));
#2041=CARTESIAN_POINT('',(7.75359496270712,683.207583827328,5.38845191155815));
#2042=CARTESIAN_POINT('',(7.75359496270711,683.207583827328,7.28560266802533));
#2043=CARTESIAN_POINT('',(5.85644420623996,683.207583827328,7.2856026680253));
#2044=CARTESIAN_POINT('',(3.9592934497727,683.207583827328,7.28560266802517));
#2045=CARTESIAN_POINT('',(3.95929344977281,683.207583827328,5.38845191155792));
#2046=CARTESIAN_POINT('',(15.,683.207583827328,-4.60869565217344));
#2047=CARTESIAN_POINT('',(15.97827705375,683.186212247095,-4.6086956521689));
#2048=CARTESIAN_POINT('',(15.97827449106,682.207583827328,-4.60869565217354));
#2049=CARTESIAN_POINT('',(15.,683.207583827328,-4.60869565217344));
#2050=CARTESIAN_POINT('',(14.9999948746199,683.207347911969,-1.60869565217344));
#2051=CARTESIAN_POINT('',(-3.26538607858013,683.207583827328,-4.60869565217364));
#2052=CARTESIAN_POINT('',(-3.08749613473081,683.207583827328,-4.60869565217364));
#2053=CARTESIAN_POINT('',(-2.90960619088149,683.207583827328,-4.60869565217363));
#2054=CARTESIAN_POINT('',(-2.73171624703217,683.207583827328,-4.60869565217363));
#2055=CARTESIAN_POINT('',(-2.55382630318285,683.207583827328,-4.60869565217363));
#2056=CARTESIAN_POINT('',(-2.37593635933352,683.207583827328,-4.60869565217363));
#2057=CARTESIAN_POINT('',(-2.30074908746682,683.207583827328,-4.60869565217363));
#2058=CARTESIAN_POINT('',(-2.22556181560012,683.207583827328,-4.60869565217363));
#2059=CARTESIAN_POINT('',(-2.15037454373342,683.207583827328,-4.60869565217363));
#2060=CARTESIAN_POINT('',(-2.07518727186672,683.207583827328,-4.60869565217363));
#2061=CARTESIAN_POINT('',(-2.00000000000002,683.207583827328,-4.60869565217363));
#2062=CARTESIAN_POINT('',(1.14257768249598,683.207583827328,-4.60869565217361));
#2063=CARTESIAN_POINT('',(4.28515536499197,683.207583827328,-4.6086956521736));
#2064=CARTESIAN_POINT('',(7.42773304748796,683.207583827328,-4.60869565217358));
#2065=CARTESIAN_POINT('',(10.5703107299839,683.207583827328,-4.60869565217357));
#2066=CARTESIAN_POINT('',(13.7128884124799,683.207583827328,-4.60869565217355));
#2067=CARTESIAN_POINT('',(13.965965628196,683.207583827328,-4.60869565217355));
#2068=CARTESIAN_POINT('',(14.219042843912,683.207583827328,-4.60869565217355));
#2069=CARTESIAN_POINT('',(14.472120059628,683.207583827328,-4.60869565217355));
#2070=CARTESIAN_POINT('',(14.725197275344,683.207583827328,-4.60869565217354));
#2071=CARTESIAN_POINT('',(14.97827449106,683.207583827328,-4.60869565217354));
#2072=CARTESIAN_POINT('',(14.9826199515379,683.20763100873,-4.60869565217352));
#2073=CARTESIAN_POINT('',(14.9869653864486,683.207654600266,-4.6086956521735));
#2074=CARTESIAN_POINT('',(14.9913106420081,683.207654600266,-4.60869565217348));
#2075=CARTESIAN_POINT('',(14.9956555644411,683.20763100873,-4.60869565217346));
#2076=CARTESIAN_POINT('',(15.,683.207583827328,-4.60869565217344));
#2077=CARTESIAN_POINT('',(-2.00000000000002,698.701885340262,-1.60869565217362));
#2078=CARTESIAN_POINT('',(-2.00000000000002,698.701885340262,10.3884519115579));
#2079=CARTESIAN_POINT('',(0.999999999999981,701.701885340263,-1.60869565217362));
#2080=CARTESIAN_POINT('',(0.99999999999998,701.701885340263,10.3884519115579));
#2081=CARTESIAN_POINT('',(0.99999999999998,701.701885340263,10.3884519115579));
#2082=CARTESIAN_POINT('',(-2.00000000000065,701.701885340262,10.3884519115504));
#2083=CARTESIAN_POINT('',(-2.00000000000002,698.701885340262,10.3884519115579));
#2084=CARTESIAN_POINT('',(10.7128884124799,701.701885340263,10.3884519115577));
#2085=CARTESIAN_POINT('',(0.99999999999998,701.701885340263,10.3884519115579));
#2086=CARTESIAN_POINT('',(13.7128884124799,698.701885340263,10.3884519115577));
#2087=CARTESIAN_POINT('',(13.71288841248,694.91232050915,10.3884519115578));
#2088=CARTESIAN_POINT('',(13.71288841248,698.701885340263,-1.60869565217357));
#2089=CARTESIAN_POINT('',(13.7128884124799,698.701885340263,10.3884519115577));
#2090=CARTESIAN_POINT('',(10.7128884124799,701.701885340263,-1.60869565217357));
#2091=CARTESIAN_POINT('',(10.7128884124799,701.701885340263,10.3884519115577));
#2092=CARTESIAN_POINT('',(13.7128884124799,698.701885340263,10.3884519115577));
#2093=CARTESIAN_POINT('',(13.7128884124797,701.701885340263,10.3884519115631));
#2094=CARTESIAN_POINT('',(10.7128884124799,701.701885340263,10.3884519115577));
#2095=CARTESIAN_POINT('',(13.7128884124799,686.207583827328,-1.60869565217358));
#2096=CARTESIAN_POINT('',(13.71288841248,689.445836631234,-1.60869565217365));
#2097=CARTESIAN_POINT('',(13.7128884124799,686.207583827328,10.3884519115577));
#2098=CARTESIAN_POINT('',(13.7128884124799,686.207583827328,-1.60869565217358));
#2099=CARTESIAN_POINT('',(10.7128884124799,683.207583827328,10.3884519115577));
#2100=CARTESIAN_POINT('',(10.71288841248,683.207583827328,-1.60869565217357));
#2101=CARTESIAN_POINT('',(10.7128884124799,683.207583827328,10.3884519115577));
#2102=CARTESIAN_POINT('',(13.7128884124798,683.207583827328,10.3884519115557));
#2103=CARTESIAN_POINT('',(13.7128884124799,686.207583827328,10.3884519115577));
#2104=CARTESIAN_POINT('',(0.999999999999975,683.207583827328,10.388451911558));
#2105=CARTESIAN_POINT('',(10.7128884124799,683.207583827328,10.3884519115577));
#2106=CARTESIAN_POINT('',(-2.00000000000002,686.207583827328,10.388451911558));
#2107=CARTESIAN_POINT('',(-2.00000000000002,686.207583827328,-1.60869565217362));
#2108=CARTESIAN_POINT('',(0.999999999999975,683.207583827328,10.388451911558));
#2109=CARTESIAN_POINT('',(0.999999999999976,683.207583827328,-1.6086956521736));
#2110=CARTESIAN_POINT('',(-2.00000000000002,686.207583827328,10.388451911558));
#2111=CARTESIAN_POINT('',(-2.00000000000029,683.207583827328,10.3884519115598));
#2112=CARTESIAN_POINT('',(0.999999999999975,683.207583827328,10.388451911558));
#2113=CARTESIAN_POINT('',(-4.26538607858019,682.207583827329,-1.60869565217364));
#2114=CARTESIAN_POINT('',(-4.2653860785799,683.207583827328,-1.60869565217512));
#2115=CARTESIAN_POINT('',(-3.26538607858011,683.207583827328,-1.60869565217363));
#2116=CARTESIAN_POINT('',(0.999999999999976,683.207583827328,-1.6086956521736));
#2117=CARTESIAN_POINT('',(-2.00000000000033,683.207583827328,-1.6086956521718));
#2118=CARTESIAN_POINT('',(-2.00000000000002,686.207583827328,-1.60869565217362));
#2119=CARTESIAN_POINT('',(-2.00000000000002,698.701885340262,-1.60869565217362));
#2120=CARTESIAN_POINT('',(-2.00000000000052,701.701885340262,-1.60869565218107));
#2121=CARTESIAN_POINT('',(0.999999999999981,701.701885340263,-1.60869565217362));
#2122=CARTESIAN_POINT('',(-3.26538607858011,701.701885340263,-1.60869565217363));
#2123=CARTESIAN_POINT('',(-4.26538607858022,701.701885340262,-1.60869565217853));
#2124=CARTESIAN_POINT('',(-4.26538607858019,702.701885340262,-1.60869565217363));
#2125=CARTESIAN_POINT('',(10.7128884124799,701.701885340263,-1.60869565217357));
#2126=CARTESIAN_POINT('',(13.7128884124798,701.701885340263,-1.60869565216819));
#2127=CARTESIAN_POINT('',(13.71288841248,698.701885340263,-1.60869565217357));
#2128=CARTESIAN_POINT('',(15.97827449106,702.701885340263,-1.60869565217354));
#2129=CARTESIAN_POINT('',(15.9782744910603,701.701885340263,-1.60869565218064));
#2130=CARTESIAN_POINT('',(14.97827449106,701.701885340263,-1.60869565217354));
#2131=CARTESIAN_POINT('',(14.9999948746199,683.207347911969,-1.60869565217344));
#2132=CARTESIAN_POINT('',(15.9782744910599,683.186094289415,-1.60869565216891));
#2133=CARTESIAN_POINT('',(15.97827449106,682.207583827329,-1.60869565217354));
#2134=CARTESIAN_POINT('',(13.7128884124799,686.207583827328,-1.60869565217358));
#2135=CARTESIAN_POINT('',(13.7128884124798,683.207583827328,-1.60869565217557));
#2136=CARTESIAN_POINT('',(10.71288841248,683.207583827328,-1.60869565217357));
#2137=CARTESIAN_POINT('',(13.71288841248,689.445836631234,10.3884519115578));
#2138=CARTESIAN_POINT('',(13.7128884124799,686.207583827328,10.3884519115577));
#2139=CARTESIAN_POINT('',(-13.9301579505411,709.813270603524,-1.60869565217368));
#2140=CARTESIAN_POINT('',(-13.9301579505412,706.833080584649,-1.60869565217368));
#2141=CARTESIAN_POINT('',(-13.9301579505412,703.852890565774,-1.60869565217367));
#2142=CARTESIAN_POINT('',(-13.9301579505412,700.8727005469,-1.60869565217366));
#2143=CARTESIAN_POINT('',(-13.9301579505412,697.892510528025,-1.60869565217366));
#2144=CARTESIAN_POINT('',(-13.9301579505413,694.91232050915,-1.60869565217365));
#2145=CARTESIAN_POINT('',(-2.00000000000002,686.207583827328,10.388451911558));
#2146=CARTESIAN_POINT('',(-2.00000000000014,689.445836631234,10.3884519115578));
#2147=CARTESIAN_POINT('',(-2.00000000000002,686.207583827328,-1.60869565217362));
#2148=CARTESIAN_POINT('',(-2.00000000000014,689.445836631234,-1.60869565217365));
#2149=CARTESIAN_POINT('',(14.97827449106,701.701885340263,-1.60869565217354));
#2150=CARTESIAN_POINT('',(13.71288841248,701.701885340263,-1.60869565217355));
#2151=CARTESIAN_POINT('',(10.7128884124799,701.701885340263,-1.60869565217357));
#2152=CARTESIAN_POINT('',(0.999999999999981,701.701885340263,-1.60869565217362));
#2153=CARTESIAN_POINT('',(-2.00000000000003,701.701885340263,-1.60869565217362));
#2154=CARTESIAN_POINT('',(-3.26538607858011,701.701885340263,-1.60869565217363));
#2155=CARTESIAN_POINT('',(-3.26538607858011,683.207583827328,-1.60869565217363));
#2156=CARTESIAN_POINT('',(-2.00000000000002,683.207583827328,-1.60869565217362));
#2157=CARTESIAN_POINT('',(0.999999999999976,683.207583827328,-1.6086956521736));
#2158=CARTESIAN_POINT('',(10.71288841248,683.207583827328,-1.60869565217357));
#2159=CARTESIAN_POINT('',(11.3128884124799,683.207583827328,-1.60869565217357));
#2160=CARTESIAN_POINT('',(11.9128884124799,683.207583827328,-1.60869565217356));
#2161=CARTESIAN_POINT('',(12.5128884124799,683.207583827328,-1.60869565217356));
#2162=CARTESIAN_POINT('',(13.1128884124799,683.207583827328,-1.60869565217356));
#2163=CARTESIAN_POINT('',(13.7128884124799,683.207583827328,-1.60869565217355));
#2164=CARTESIAN_POINT('',(13.965965628196,683.207583827328,-1.60869565217355));
#2165=CARTESIAN_POINT('',(14.219042843912,683.207583827328,-1.60869565217355));
#2166=CARTESIAN_POINT('',(14.472120059628,683.207583827328,-1.60869565217355));
#2167=CARTESIAN_POINT('',(14.725197275344,683.207583827328,-1.60869565217354));
#2168=CARTESIAN_POINT('',(14.97827449106,683.207583827328,-1.60869565217354));
#2169=CARTESIAN_POINT('',(14.9826189264982,683.207583827328,-1.60869565217352));
#2170=CARTESIAN_POINT('',(14.9869633363147,683.207560234957,-1.6086956521735));
#2171=CARTESIAN_POINT('',(14.9913075667619,683.207513050216,-1.60869565217348));
#2172=CARTESIAN_POINT('',(14.9956514641007,683.207442274773,-1.60869565217346));
#2173=CARTESIAN_POINT('',(14.9999948746199,683.207347911969,-1.60869565217344));
#2174=CARTESIAN_POINT('',(-13.9301579505413,689.445836631234,-1.60869565217365));
#2175=CARTESIAN_POINT('',(-13.9301579505412,686.575909017801,-1.60869565217366));
#2176=CARTESIAN_POINT('',(-13.9301579505412,683.705981404368,-1.60869565217366));
#2177=CARTESIAN_POINT('',(-13.9301579505412,680.836053790934,-1.60869565217367));
#2178=CARTESIAN_POINT('',(-13.9301579505412,677.9661261775,-1.60869565217368));
#2179=CARTESIAN_POINT('',(-13.9301579505411,675.096198564067,-1.60869565217368));
#2180=CARTESIAN_POINT('',(-2.00000000000014,694.91232050915,10.3884519115578));
#2181=CARTESIAN_POINT('',(-2.00000000000002,698.701885340262,10.3884519115579));
#2182=CARTESIAN_POINT('',(-2.00000000000014,694.91232050915,-1.60869565217365));
#2183=CARTESIAN_POINT('',(-2.00000000000002,698.701885340262,-1.60869565217362));
#2184=CARTESIAN_POINT('',(-7.64355579376004,707.454734583795,-4.60869565217359));
#2185=CARTESIAN_POINT('',(-7.64355579376004,705.954734583795,-4.60869565217359));
#2186=CARTESIAN_POINT('',(-9.14355579376004,705.954734583795,-4.60869565217359));
#2187=CARTESIAN_POINT('',(-10.64355579376,705.954734583795,-4.60869565217359));
#2188=CARTESIAN_POINT('',(-10.64355579376,707.454734583795,-4.60869565217359));
#2189=CARTESIAN_POINT('',(-10.64355579376,708.954734583795,-4.60869565217359));
#2190=CARTESIAN_POINT('',(-9.14355579376004,708.954734583795,-4.60869565217359));
#2191=CARTESIAN_POINT('',(-7.64355579376004,708.954734583795,-4.60869565217359));
#2192=CARTESIAN_POINT('',(-7.64355579376004,707.454734583795,-4.60869565217359));
#2193=CARTESIAN_POINT('',(-7.64355579376004,707.454734583795,-1.60869565217366));
#2194=CARTESIAN_POINT('',(-7.64355579376004,705.954734583795,-1.60869565217366));
#2195=CARTESIAN_POINT('',(-9.14355579376004,705.954734583795,-1.60869565217366));
#2196=CARTESIAN_POINT('',(-10.64355579376,705.954734583795,-1.60869565217366));
#2197=CARTESIAN_POINT('',(-10.64355579376,707.454734583795,-1.60869565217366));
#2198=CARTESIAN_POINT('',(-10.64355579376,708.954734583795,-1.60869565217366));
#2199=CARTESIAN_POINT('',(-9.14355579376004,708.954734583795,-1.60869565217366));
#2200=CARTESIAN_POINT('',(-7.64355579376004,708.954734583795,-1.60869565217366));
#2201=CARTESIAN_POINT('',(-7.64355579376004,707.454734583795,-1.60869565217366));
#2202=CARTESIAN_POINT('',(-7.64355579376004,707.454734583795,-1.60869565217366));
#2203=CARTESIAN_POINT('',(-7.64355579376004,707.454734583795,-4.60869565217359));
#2204=CARTESIAN_POINT('',(22.35644420624,707.454734583795,-4.60869565217359));
#2205=CARTESIAN_POINT('',(22.35644420624,705.954734583795,-4.60869565217359));
#2206=CARTESIAN_POINT('',(20.85644420624,705.954734583795,-4.60869565217359));
#2207=CARTESIAN_POINT('',(19.35644420624,705.954734583795,-4.60869565217359));
#2208=CARTESIAN_POINT('',(19.35644420624,707.454734583795,-4.60869565217359));
#2209=CARTESIAN_POINT('',(19.35644420624,708.954734583795,-4.60869565217359));
#2210=CARTESIAN_POINT('',(20.85644420624,708.954734583795,-4.60869565217359));
#2211=CARTESIAN_POINT('',(22.35644420624,708.954734583795,-4.60869565217359));
#2212=CARTESIAN_POINT('',(22.35644420624,707.454734583795,-4.60869565217359));
#2213=CARTESIAN_POINT('',(22.35644420624,707.454734583795,-1.60869565217352));
#2214=CARTESIAN_POINT('',(22.35644420624,708.954734583795,-1.60869565217352));
#2215=CARTESIAN_POINT('',(20.85644420624,708.954734583795,-1.60869565217352));
#2216=CARTESIAN_POINT('',(19.35644420624,708.954734583795,-1.60869565217352));
#2217=CARTESIAN_POINT('',(19.35644420624,707.454734583795,-1.60869565217352));
#2218=CARTESIAN_POINT('',(19.35644420624,705.954734583795,-1.60869565217352));
#2219=CARTESIAN_POINT('',(20.85644420624,705.954734583795,-1.60869565217352));
#2220=CARTESIAN_POINT('',(22.35644420624,705.954734583795,-1.60869565217352));
#2221=CARTESIAN_POINT('',(22.35644420624,707.454734583795,-1.60869565217352));
#2222=CARTESIAN_POINT('',(22.35644420624,707.454734583795,-1.60869565217351));
#2223=CARTESIAN_POINT('',(22.35644420624,707.454734583795,-4.60869565217359));
#2224=CARTESIAN_POINT('',(22.35644420624,677.454734583795,-4.60869565217359));
#2225=CARTESIAN_POINT('',(22.35644420624,675.954734583795,-4.60869565217359));
#2226=CARTESIAN_POINT('',(20.85644420624,675.954734583795,-4.60869565217359));
#2227=CARTESIAN_POINT('',(19.35644420624,675.954734583795,-4.60869565217359));
#2228=CARTESIAN_POINT('',(19.35644420624,677.454734583795,-4.60869565217359));
#2229=CARTESIAN_POINT('',(19.35644420624,678.954734583795,-4.60869565217359));
#2230=CARTESIAN_POINT('',(20.85644420624,678.954734583795,-4.60869565217359));
#2231=CARTESIAN_POINT('',(22.35644420624,678.954734583795,-4.60869565217359));
#2232=CARTESIAN_POINT('',(22.35644420624,677.454734583795,-4.60869565217359));
#2233=CARTESIAN_POINT('',(22.35644420624,677.454734583795,-1.60869565217351));
#2234=CARTESIAN_POINT('',(22.35644420624,678.954734583795,-1.60869565217351));
#2235=CARTESIAN_POINT('',(20.85644420624,678.954734583795,-1.60869565217351));
#2236=CARTESIAN_POINT('',(19.35644420624,678.954734583795,-1.60869565217351));
#2237=CARTESIAN_POINT('',(19.35644420624,677.454734583795,-1.60869565217351));
#2238=CARTESIAN_POINT('',(19.35644420624,675.954734583795,-1.60869565217351));
#2239=CARTESIAN_POINT('',(20.85644420624,675.954734583795,-1.60869565217351));
#2240=CARTESIAN_POINT('',(22.35644420624,675.954734583795,-1.60869565217351));
#2241=CARTESIAN_POINT('',(22.35644420624,677.454734583795,-1.60869565217351));
#2242=CARTESIAN_POINT('',(22.35644420624,677.454734583795,-1.60869565217351));
#2243=CARTESIAN_POINT('',(22.35644420624,677.454734583795,-4.60869565217359));
#2244=CARTESIAN_POINT('',(-7.64355579376004,677.454734583795,-4.60869565217359));
#2245=CARTESIAN_POINT('',(-7.64355579376004,675.954734583795,-4.60869565217359));
#2246=CARTESIAN_POINT('',(-9.14355579376004,675.954734583795,-4.60869565217359));
#2247=CARTESIAN_POINT('',(-10.64355579376,675.954734583795,-4.60869565217359));
#2248=CARTESIAN_POINT('',(-10.64355579376,677.454734583795,-4.60869565217359));
#2249=CARTESIAN_POINT('',(-10.64355579376,678.954734583795,-4.60869565217359));
#2250=CARTESIAN_POINT('',(-9.14355579376004,678.954734583795,-4.60869565217359));
#2251=CARTESIAN_POINT('',(-7.64355579376004,678.954734583795,-4.60869565217359));
#2252=CARTESIAN_POINT('',(-7.64355579376004,677.454734583795,-4.60869565217359));
#2253=CARTESIAN_POINT('',(-7.64355579376004,677.454734583795,-1.60869565217366));
#2254=CARTESIAN_POINT('',(-7.64355579376004,675.954734583795,-1.60869565217366));
#2255=CARTESIAN_POINT('',(-9.14355579376004,675.954734583795,-1.60869565217366));
#2256=CARTESIAN_POINT('',(-10.64355579376,675.954734583795,-1.60869565217366));
#2257=CARTESIAN_POINT('',(-10.64355579376,677.454734583795,-1.60869565217366));
#2258=CARTESIAN_POINT('',(-10.64355579376,678.954734583795,-1.60869565217366));
#2259=CARTESIAN_POINT('',(-9.14355579376004,678.954734583795,-1.60869565217366));
#2260=CARTESIAN_POINT('',(-7.64355579376004,678.954734583795,-1.60869565217366));
#2261=CARTESIAN_POINT('',(-7.64355579376004,677.454734583795,-1.60869565217366));
#2262=CARTESIAN_POINT('',(-7.64355579376004,677.454734583795,-1.60869565217366));
#2263=CARTESIAN_POINT('',(-7.64355579376003,677.454734583795,-4.60869565217359));
#2264=CARTESIAN_POINT('',(0.,0.,0.));
ENDSEC;
END-ISO-10303-21;
